Entity,Code,Year,Average years of schooling among women,Average years of schooling among men
Afghanistan,AFG,1990,0.20165923,1.4939522
Afghanistan,AFG,1991,0.2189443,1.5788087
Afghanistan,AFG,1992,0.23622938,1.6636652
Afghanistan,AFG,1993,0.25351447,1.7485216
Afghanistan,AFG,1994,0.27079952,1.8333781
Afghanistan,AFG,1995,0.2880846,1.9182346
Afghanistan,AFG,1996,0.30536968,1.9791878
Afghanistan,AFG,1997,0.32265475,2.040141
Afghanistan,AFG,1998,0.33993983,2.1010942
Afghanistan,AFG,1999,0.3572249,2.1620476
Afghanistan,AFG,2000,0.37451,2.2230008
Afghanistan,AFG,2001,0.3956362,2.2803686
Afghanistan,AFG,2002,0.4167624,2.3377364
Afghanistan,AFG,2003,0.4378886,2.3951042
Afghanistan,AFG,2004,0.4590148,2.452472
Afghanistan,AFG,2005,0.480141,2.5098395
Afghanistan,AFG,2006,0.4955055,2.6209898
Afghanistan,AFG,2007,0.51087004,2.7321398
Afghanistan,AFG,2008,0.52623457,2.8432899
Afghanistan,AFG,2009,0.54159904,2.9544399
Afghanistan,AFG,2010,0.55696356,3.06559
Afghanistan,AFG,2011,0.5953749,3.13969
Afghanistan,AFG,2012,0.63378614,3.21379
Afghanistan,AFG,2013,0.6721974,3.28789
Afghanistan,AFG,2014,0.7106087,3.36199
Afghanistan,AFG,2015,0.74902,3.43609
Afghanistan,AFG,2016,1.0091833,3.430075
Afghanistan,AFG,2017,1.2693466,3.42406
Afghanistan,AFG,2018,1.52951,3.418045
Afghanistan,AFG,2019,1.7896733,3.41203
Afghanistan,AFG,2020,2.0498366,3.4060152
Afghanistan,AFG,2021,2.31,3.4
Afghanistan,AFG,2022,1.17413,3.91274
Afghanistan,AFG,2023,1.17413,3.91274
Africa,,2000,3.1414704,4.976323
Africa,,2001,3.2136838,5.069157
Africa,,2002,3.3210824,5.197955
Africa,,2003,3.4015214,5.2951894
Africa,,2004,3.4958975,5.372615
Africa,,2005,3.606097,5.5105543
Africa,,2006,3.7050014,5.585909
Africa,,2007,3.8326824,5.663885
Africa,,2008,4.003916,5.823582
Africa,,2009,4.095239,5.9077682
Africa,,2010,4.1511283,5.9585366
Africa,,2011,4.2386513,6.0364623
Africa,,2012,4.3438225,6.1268005
Africa,,2013,4.4519525,6.204136
Africa,,2014,4.5922027,6.3168473
Africa,,2015,4.755842,6.4845715
Africa,,2016,4.88002,6.5921164
Africa,,2017,4.962834,6.6099887
Africa,,2018,5.0712485,6.6765265
Africa,,2019,5.1549826,6.889931
Africa,,2020,5.3237023,6.846802
Africa,,2021,5.5324535,6.9793844
Africa,,2022,5.565619,7.051368
Africa,,2023,5.555216,7.0444803
Albania,ALB,1990,6.696722,7.9172583
Albania,ALB,1991,6.7003965,7.91918
Albania,ALB,1992,6.704071,7.9211016
Albania,ALB,1993,6.7077456,7.923023
Albania,ALB,1994,6.71142,7.924945
Albania,ALB,1995,6.7150946,7.9268665
Albania,ALB,1996,7.0017033,8.21896
Albania,ALB,1997,7.288312,8.511053
Albania,ALB,1998,7.5749207,8.803145
Albania,ALB,1999,7.8615294,9.095239
Albania,ALB,2000,8.148138,9.387332
Albania,ALB,2001,8.24,9.42
Albania,ALB,2002,8.315714,9.4800005
Albania,ALB,2003,8.391429,9.54
Albania,ALB,2004,8.467143,9.6
Albania,ALB,2005,8.542857,9.66
Albania,ALB,2006,8.618571,9.72
Albania,ALB,2007,8.694286,9.78
Albania,ALB,2008,8.77,9.84
Albania,ALB,2009,8.9800005,9.966667
Albania,ALB,2010,9.19,10.093333
Albania,ALB,2011,9.4,10.22
Albania,ALB,2012,9.83,10.24
Albania,ALB,2013,9.79798,10.252968
Albania,ALB,2014,9.76596,10.265936
Albania,ALB,2015,9.73394,10.278904
Albania,ALB,2016,9.70192,10.291872
Albania,ALB,2017,9.6699,10.30484
Albania,ALB,2018,9.71709,10.347845
Albania,ALB,2019,9.764278,10.39085
Albania,ALB,2020,9.811468,10.433855
Albania,ALB,2021,9.858658,10.497339
Albania,ALB,2022,9.858658,10.497339
Albania,ALB,2023,9.858658,10.497339
Algeria,DZA,1990,2.5062857,5.286375
Algeria,DZA,1991,2.6718593,5.4742846
Algeria,DZA,1992,2.8374329,5.6621947
Algeria,DZA,1993,3.0030065,5.8501043
Algeria,DZA,1994,3.16858,6.038014
Algeria,DZA,1995,3.3341537,6.2259235
Algeria,DZA,1996,3.5178723,6.3391223
Algeria,DZA,1997,3.701591,6.452321
Algeria,DZA,1998,3.8853097,6.5655193
Algeria,DZA,1999,4.0690284,6.678718
Algeria,DZA,2000,4.252747,6.791917
Algeria,DZA,2001,4.3911033,6.846252
Algeria,DZA,2002,4.529459,6.9005876
Algeria,DZA,2003,4.667815,6.9549227
Algeria,DZA,2004,4.8061714,7.0092583
Algeria,DZA,2005,4.944527,7.0635934
Algeria,DZA,2006,5.16,7.17
Algeria,DZA,2007,5.2599998,7.1949997
Algeria,DZA,2008,5.36,7.22
Algeria,DZA,2009,5.2533336,6.893333
Algeria,DZA,2010,5.1466665,6.5666666
Algeria,DZA,2011,5.04,6.24
Algeria,DZA,2012,5.22203,6.402582
Algeria,DZA,2013,5.40406,6.5651646
Algeria,DZA,2014,5.58609,6.7277474
Algeria,DZA,2015,5.76812,6.89033
Algeria,DZA,2016,5.95015,7.052912
Algeria,DZA,2017,6.13218,7.2154946
Algeria,DZA,2018,6.31421,7.3780775
Algeria,DZA,2019,6.49624,7.54066
Algeria,DZA,2020,6.6953497,7.714671
Algeria,DZA,2021,6.900562,7.8926973
Algeria,DZA,2022,6.900562,7.8926973
Algeria,DZA,2023,6.900562,7.8926973
Andorra,AND,2000,9.793865,9.814781
Andorra,AND,2001,9.875233,9.905677
Andorra,AND,2002,9.957275,9.997414
Andorra,AND,2003,10.04,10.09
Andorra,AND,2004,10.57,10.83
Andorra,AND,2005,9.96,10.21
Andorra,AND,2006,10.37,10.46
Andorra,AND,2007,10.3975,10.49
Andorra,AND,2008,10.425,10.5199995
Andorra,AND,2009,10.4525,10.55
Andorra,AND,2010,10.4800005,10.58
Andorra,AND,2011,10.5075,10.61
Andorra,AND,2012,10.535,10.64
Andorra,AND,2013,10.5625,10.67
Andorra,AND,2014,10.59,10.7
Andorra,AND,2015,10.51,10.63
Andorra,AND,2016,10.49,10.62
Andorra,AND,2017,10.661667,10.8
Andorra,AND,2018,10.833333,10.98
Andorra,AND,2019,11.005,11.16
Andorra,AND,2020,11.176667,11.34
Andorra,AND,2021,11.348333,11.5199995
Andorra,AND,2022,11.52,11.7
Andorra,AND,2023,11.52,11.7
Angola,AGO,1999,2.2212982,4.693874
Angola,AGO,2000,2.2767696,4.710734
Angola,AGO,2001,2.333626,4.727654
Angola,AGO,2002,2.3948855,4.7447577
Angola,AGO,2003,2.456145,4.761861
Angola,AGO,2004,2.5174046,4.7789645
Angola,AGO,2005,2.5786643,4.796068
Angola,AGO,2006,2.6399238,4.8131714
Angola,AGO,2007,2.7011833,4.830275
Angola,AGO,2008,2.7624428,4.8473787
Angola,AGO,2009,2.8237023,4.8644824
Angola,AGO,2010,2.8849618,4.8815856
Angola,AGO,2011,2.9462216,4.8986893
Angola,AGO,2012,3.007481,4.915793
Angola,AGO,2013,3.0687406,4.932896
Angola,AGO,2014,3.13,4.95
Angola,AGO,2015,4.11691,6.82274
Angola,AGO,2016,4.1838756,6.8942685
Angola,AGO,2017,4.25193,6.966547
Angola,AGO,2018,4.321092,7.0395827
Angola,AGO,2019,4.391379,7.1133847
Angola,AGO,2020,4.462809,7.18796
Angola,AGO,2021,4.535401,7.2633176
Angola,AGO,2022,4.535401,7.2633176
Angola,AGO,2023,4.535401,7.2633176
Antigua and Barbuda,ATG,2000,9.619021,8.750191
Antigua and Barbuda,ATG,2001,9.751468,8.870674
Antigua and Barbuda,ATG,2002,9.885738,8.992817
Antigua and Barbuda,ATG,2003,10.021858,9.116641
Antigua and Barbuda,ATG,2004,10.159851,9.24217
Antigua and Barbuda,ATG,2005,10.299746,9.369429
Antigua and Barbuda,ATG,2006,10.441565,9.498439
Antigua and Barbuda,ATG,2007,10.585338,9.629226
Antigua and Barbuda,ATG,2008,10.73109,9.761812
Antigua and Barbuda,ATG,2009,10.878849,9.896226
Antigua and Barbuda,ATG,2010,11.028643,10.03249
Antigua and Barbuda,ATG,2011,11.180499,10.1706295
Antigua and Barbuda,ATG,2012,11.334447,10.310672
Antigua and Barbuda,ATG,2013,11.490514,10.4526415
Antigua and Barbuda,ATG,2014,11.648729,10.596567
Antigua and Barbuda,ATG,2015,11.806945,10.740492
Antigua and Barbuda,ATG,2016,11.965161,10.884418
Antigua and Barbuda,ATG,2017,12.123377,11.028342
Antigua and Barbuda,ATG,2018,12.281593,11.172268
Antigua and Barbuda,ATG,2019,12.246145,11.140021
Antigua and Barbuda,ATG,2020,12.210698,11.107776
Antigua and Barbuda,ATG,2021,12.17525,11.07553
Antigua and Barbuda,ATG,2022,12.17525,11.07553
Antigua and Barbuda,ATG,2023,12.17525,11.07553
Arab States (UNDP),,1990,2.8717887,4.793857
Arab States (UNDP),,1991,3.022809,4.9272857
Arab States (UNDP),,1992,3.1801853,5.064706
Arab States (UNDP),,1993,3.334993,5.2021217
Arab States (UNDP),,1994,3.4886038,5.3377743
Arab States (UNDP),,1995,3.6422637,5.4710007
Arab States (UNDP),,1996,3.8228126,5.60504
Arab States (UNDP),,1997,3.8907547,5.7184744
Arab States (UNDP),,1998,3.9594395,5.8326874
Arab States (UNDP),,1999,4.029942,5.948181
Arab States (UNDP),,2000,4.1032877,6.064791
Arab States (UNDP),,2001,4.1869054,6.174578
Arab States (UNDP),,2002,4.271259,6.284729
Arab States (UNDP),,2003,4.3670835,6.4101057
Arab States (UNDP),,2004,4.486275,6.5592117
Arab States (UNDP),,2005,4.6242085,6.726926
Arab States (UNDP),,2006,4.732596,6.876833
Arab States (UNDP),,2007,4.9513936,7.038302
Arab States (UNDP),,2008,5.130866,7.1389546
Arab States (UNDP),,2009,5.3113003,7.2236247
Arab States (UNDP),,2010,5.453217,7.27682
Arab States (UNDP),,2011,5.639879,7.3816056
Arab States (UNDP),,2012,5.850584,7.5345893
Arab States (UNDP),,2013,6.069169,7.6863027
Arab States (UNDP),,2014,6.292522,7.861285
Arab States (UNDP),,2015,6.5074153,8.006364
Arab States (UNDP),,2016,6.6956687,8.121437
Arab States (UNDP),,2017,6.898924,8.269833
Arab States (UNDP),,2018,7.089531,8.391501
Arab States (UNDP),,2019,7.2742968,8.491642
Arab States (UNDP),,2020,7.4697986,8.615634
Arab States (UNDP),,2021,7.673144,8.73049
Arab States (UNDP),,2022,7.5056176,8.61736
Arab States (UNDP),,2023,7.51676,8.638277
Argentina,ARG,1990,8.001968,8.256232
Argentina,ARG,1991,8.09,8.3
Argentina,ARG,1992,8.179,8.344
Argentina,ARG,1993,8.268,8.3880005
Argentina,ARG,1994,8.357,8.432
Argentina,ARG,1995,8.446,8.476
Argentina,ARG,1996,8.535,8.52
Argentina,ARG,1997,8.624,8.564
Argentina,ARG,1998,8.712999,8.608
Argentina,ARG,1999,8.802,8.651999
Argentina,ARG,2000,8.891,8.696
Argentina,ARG,2001,8.98,8.74
Argentina,ARG,2002,9.495,9.28
Argentina,ARG,2003,10.01,9.82
Argentina,ARG,2004,10.1,9.906667
Argentina,ARG,2005,10.19,9.993333
Argentina,ARG,2006,10.28,10.08
Argentina,ARG,2007,10.384999,10.190001
Argentina,ARG,2008,10.49,10.3
Argentina,ARG,2009,10.66,10.4
Argentina,ARG,2010,10.68,10.5
Argentina,ARG,2011,10.78,10.61
Argentina,ARG,2012,10.95,10.59
Argentina,ARG,2013,11.01,10.75
Argentina,ARG,2014,11.08,10.71
Argentina,ARG,2015,11.08,10.72
Argentina,ARG,2016,11.06,10.77
Argentina,ARG,2017,11.18,10.825001
Argentina,ARG,2018,11.3,10.88
Argentina,ARG,2019,11.345,10.87
Argentina,ARG,2020,11.39,10.86
Argentina,ARG,2021,11.453163,10.888263
Argentina,ARG,2022,11.453163,10.888263
Argentina,ARG,2023,11.453163,10.888263
Armenia,ARM,1990,9.620631,9.996129
Armenia,ARM,1991,9.69643,10.058665
Armenia,ARM,1992,9.772229,10.121202
Armenia,ARM,1993,9.848028,10.18374
Armenia,ARM,1994,9.923827,10.246276
Armenia,ARM,1995,9.999626,10.308813
Armenia,ARM,1996,10.077369,10.367441
Armenia,ARM,1997,10.15511,10.426069
Armenia,ARM,1998,10.232853,10.484698
Armenia,ARM,1999,10.3105955,10.543326
Armenia,ARM,2000,10.388338,10.601954
Armenia,ARM,2001,10.4,10.6
Armenia,ARM,2002,10.478999,10.66
Armenia,ARM,2003,10.558,10.72
Armenia,ARM,2004,10.637,10.780001
Armenia,ARM,2005,10.716,10.84
Armenia,ARM,2006,10.795,10.900001
Armenia,ARM,2007,10.874,10.96
Armenia,ARM,2008,10.952999,11.0199995
Armenia,ARM,2009,11.032,11.08
Armenia,ARM,2010,11.110999,11.14
Armenia,ARM,2011,11.19,11.2
Armenia,ARM,2012,11.277499,11.2925
Armenia,ARM,2013,11.384999,11.384999
Armenia,ARM,2014,11.4825,11.4675
Armenia,ARM,2015,11.58,11.559999
Armenia,ARM,2016,11.68066,11.70087
Armenia,ARM,2017,11.18,11.19
Armenia,ARM,2018,11.226666,11.24
Armenia,ARM,2019,11.273334,11.29
Armenia,ARM,2020,11.32,11.34
Armenia,ARM,2021,11.356138,11.33355
Armenia,ARM,2022,11.356138,11.33355
Armenia,ARM,2023,11.356138,11.33355
Asia,,1995,3.968611,5.4926443
Asia,,1996,4.1472535,5.6621056
Asia,,1997,4.327425,5.832206
Asia,,1998,4.508093,6.002408
Asia,,1999,4.6896253,6.17312
Asia,,2000,4.9547863,6.432156
Asia,,2001,5.031149,6.5380464
Asia,,2002,5.1038017,6.6424117
Asia,,2003,5.1771054,6.7482476
Asia,,2004,5.257498,6.863506
Asia,,2005,5.325495,6.971136
Asia,,2006,5.4411535,7.0580926
Asia,,2007,5.4972863,7.115272
Asia,,2008,5.596898,7.179193
Asia,,2009,5.711364,7.271817
Asia,,2010,5.834603,7.370188
Asia,,2011,5.9737,7.507224
Asia,,2012,6.0536914,7.611613
Asia,,2013,6.1152153,7.709623
Asia,,2014,6.1904182,7.820336
Asia,,2015,6.2762337,7.9513097
Asia,,2016,6.3413043,8.049051
Asia,,2017,6.4839973,8.170903
Asia,,2018,6.6092477,8.25559
Asia,,2019,6.7876678,8.247985
Asia,,2020,7.0461464,8.231172
Asia,,2021,7.156024,8.243454
Asia,,2022,7.1872835,8.2669325
Asia,,2023,7.274714,8.365963
Australia,AUS,1990,10.985844,11.493948
Australia,AUS,1991,11.005746,11.518231
Australia,AUS,1992,11.025648,11.542515
Australia,AUS,1993,11.045549,11.566797
Australia,AUS,1994,11.065452,11.591081
Australia,AUS,1995,11.085354,11.615363
Australia,AUS,1996,11.089334,11.589057
Australia,AUS,1997,11.093314,11.56275
Australia,AUS,1998,11.097295,11.536444
Australia,AUS,1999,11.101275,11.510137
Australia,AUS,2000,11.105255,11.48383
Australia,AUS,2001,11.1689415,11.530373
Australia,AUS,2002,11.232628,11.576916
Australia,AUS,2003,11.296313,11.623458
Australia,AUS,2004,11.36,11.67
Australia,AUS,2005,11.41,11.69
Australia,AUS,2006,11.56,11.73
Australia,AUS,2007,11.63,11.79
Australia,AUS,2008,11.91,11.97
Australia,AUS,2009,11.97,12.01
Australia,AUS,2010,12.04,12.03
Australia,AUS,2011,12.15,12.08
Australia,AUS,2012,12.31,12.28
Australia,AUS,2013,12.04,12
Australia,AUS,2014,12.13,12.2
Australia,AUS,2015,12.24,12.26
Australia,AUS,2016,12.36,12.340001
Australia,AUS,2017,12.35,12.29
Australia,AUS,2018,12.52,12.39
Australia,AUS,2019,12.61,12.52
Australia,AUS,2020,12.73,12.56
Australia,AUS,2021,12.85,12.72
Australia,AUS,2022,12.95,12.78
Australia,AUS,2023,12.95,12.78
Austria,AUT,1990,9.630317,10.8419895
Austria,AUT,1991,9.73,10.92
Austria,AUT,1992,9.830714,10.998571
Austria,AUT,1993,9.931428,11.077143
Austria,AUT,1994,10.032143,11.155714
Austria,AUT,1995,10.132857,11.234286
Austria,AUT,1996,10.233571,11.312858
Austria,AUT,1997,10.334286,11.391429
Austria,AUT,1998,10.434999,11.47
Austria,AUT,1999,10.535714,11.548572
Austria,AUT,2000,10.636429,11.627143
Austria,AUT,2001,10.737143,11.705714
Austria,AUT,2002,10.837857,11.7842865
Austria,AUT,2003,10.938572,11.862858
Austria,AUT,2004,11.039286,11.941429
Austria,AUT,2005,11.14,12.02
Austria,AUT,2006,11.09,12.040001
Austria,AUT,2007,11.04,12.06
Austria,AUT,2008,10.92,12.1
Austria,AUT,2009,11.24,12.15
Austria,AUT,2010,11.31,12.16
Austria,AUT,2011,11.29,12.16
Austria,AUT,2012,11.34,12.19
Austria,AUT,2013,11.4,12.2
Austria,AUT,2014,11.63,12.43
Austria,AUT,2015,11.71,12.46
Austria,AUT,2016,11.77,12.48
Austria,AUT,2017,11.84,12.5
Austria,AUT,2018,11.91,12.525001
Austria,AUT,2019,11.98,12.55
Austria,AUT,2020,12.051255,12.57414
Austria,AUT,2021,12.122934,12.598325
Austria,AUT,2022,12.122934,12.598325
Austria,AUT,2023,12.122934,12.598325
Azerbaijan,AZE,1995,9.565917,10.720507
Azerbaijan,AZE,1996,9.621452,10.737838
Azerbaijan,AZE,1997,9.67731,10.755198
Azerbaijan,AZE,1998,9.733492,10.772585
Azerbaijan,AZE,1999,9.79,10.79
Azerbaijan,AZE,2000,9.8475,10.8075
Azerbaijan,AZE,2001,9.905,10.825
Azerbaijan,AZE,2002,9.9625,10.8425
Azerbaijan,AZE,2003,10.0199995,10.86
Azerbaijan,AZE,2004,10.0775,10.877501
Azerbaijan,AZE,2005,10.135,10.895
Azerbaijan,AZE,2006,10.1925,10.9125
Azerbaijan,AZE,2007,10.25,10.93
Azerbaijan,AZE,2008,10.27,10.94
Azerbaijan,AZE,2009,10.27,10.95
Azerbaijan,AZE,2010,10.31,10.94
Azerbaijan,AZE,2011,10.31,10.94
Azerbaijan,AZE,2012,10.31,10.95
Azerbaijan,AZE,2013,10.24,10.92
Azerbaijan,AZE,2014,10.24,10.93
Azerbaijan,AZE,2015,10.24,10.93
Azerbaijan,AZE,2016,10.32,11
Azerbaijan,AZE,2017,10.3,11.01
Azerbaijan,AZE,2018,10.29,11.01
Azerbaijan,AZE,2019,10.29,11.01
Azerbaijan,AZE,2020,10.4625,11.0475
Azerbaijan,AZE,2021,10.634999,11.085
Azerbaijan,AZE,2022,10.8075,11.122499
Azerbaijan,AZE,2023,10.98,11.16
Bahamas,BHS,1990,10.05,9.97
Bahamas,BHS,1991,10.169001,10.051001
Bahamas,BHS,1992,10.288,10.132
Bahamas,BHS,1993,10.407,10.213
Bahamas,BHS,1994,10.526,10.294
Bahamas,BHS,1995,10.6449995,10.375
Bahamas,BHS,1996,10.764,10.456
Bahamas,BHS,1997,10.883,10.537
Bahamas,BHS,1998,11.002,10.618
Bahamas,BHS,1999,11.120999,10.698999
Bahamas,BHS,2000,11.24,10.78
Bahamas,BHS,2001,11.316999,10.870999
Bahamas,BHS,2002,11.394,10.962
Bahamas,BHS,2003,11.471,11.0529995
Bahamas,BHS,2004,11.548,11.144
Bahamas,BHS,2005,11.625,11.235
Bahamas,BHS,2006,11.702,11.325999
Bahamas,BHS,2007,11.779,11.417
Bahamas,BHS,2008,11.856,11.507999
Bahamas,BHS,2009,11.933001,11.599
Bahamas,BHS,2010,12.01,11.69
Bahamas,BHS,2011,12.088517,11.783187
Bahamas,BHS,2012,12.167547,11.877118
Bahamas,BHS,2013,12.247094,11.971797
Bahamas,BHS,2014,12.327161,12.067231
Bahamas,BHS,2015,12.407751,12.163426
Bahamas,BHS,2016,12.488869,12.260388
Bahamas,BHS,2017,12.570516,12.358123
Bahamas,BHS,2018,12.652697,12.456636
Bahamas,BHS,2019,12.735415,12.555936
Bahamas,BHS,2020,12.818675,12.656027
Bahamas,BHS,2021,12.902478,12.756915
Bahamas,BHS,2022,12.902478,12.756915
Bahamas,BHS,2023,12.902478,12.756915
Bahrain,BHR,1990,4.808319,5.316488
Bahrain,BHR,1991,5.02,5.63
Bahrain,BHR,1992,5.241,5.962
Bahrain,BHR,1993,5.462,6.294
Bahrain,BHR,1994,5.683,6.626
Bahrain,BHR,1995,5.904,6.958
Bahrain,BHR,1996,6.125,7.29
Bahrain,BHR,1997,6.346,7.6219997
Bahrain,BHR,1998,6.567,7.954
Bahrain,BHR,1999,6.788,8.286
Bahrain,BHR,2000,7.009,8.618
Bahrain,BHR,2001,7.23,8.95
Bahrain,BHR,2002,7.3133335,8.851111
Bahrain,BHR,2003,7.3966665,8.752222
Bahrain,BHR,2004,7.48,8.653334
Bahrain,BHR,2005,7.5633335,8.554444
Bahrain,BHR,2006,7.6466665,8.455556
Bahrain,BHR,2007,7.73,8.356667
Bahrain,BHR,2008,7.8133335,8.257778
Bahrain,BHR,2009,7.8966665,8.158889
Bahrain,BHR,2010,7.98,8.06
Bahrain,BHR,2011,8.14,8.301667
Bahrain,BHR,2012,8.3,8.543334
Bahrain,BHR,2013,8.46,8.785
Bahrain,BHR,2014,8.62,9.026667
Bahrain,BHR,2015,8.78,9.268333
Bahrain,BHR,2016,8.94,9.51
Bahrain,BHR,2017,9.13,9.8
Bahrain,BHR,2018,10.38,10.56
Bahrain,BHR,2019,10.555,10.84
Bahrain,BHR,2020,10.73,11.12
Bahrain,BHR,2021,11.424999,10.89
Bahrain,BHR,2022,12.12,10.66
Bahrain,BHR,2023,12.1,10.63
Bangladesh,BGD,1990,2.2378528,4.1949344
Bangladesh,BGD,1991,2.3816319,4.262777
Bangladesh,BGD,1992,2.5254111,4.33062
Bangladesh,BGD,1993,2.6691902,4.3984623
Bangladesh,BGD,1994,2.8129692,4.466305
Bangladesh,BGD,1995,2.9567485,4.5341473
Bangladesh,BGD,1996,3.1005275,4.606513
Bangladesh,BGD,1997,3.2443068,4.6788783
Bangladesh,BGD,1998,3.3880858,4.7512436
Bangladesh,BGD,1999,3.5318651,4.8236094
Bangladesh,BGD,2000,3.6756442,4.8959746
Bangladesh,BGD,2001,3.78,5
Bangladesh,BGD,2002,3.842,5.101
Bangladesh,BGD,2003,3.904,5.202
Bangladesh,BGD,2004,3.966,5.303
Bangladesh,BGD,2005,4.028,5.4040003
Bangladesh,BGD,2006,4.09,5.505
Bangladesh,BGD,2007,4.152,5.606
Bangladesh,BGD,2008,4.214,5.7070003
Bangladesh,BGD,2009,4.276,5.808
Bangladesh,BGD,2010,4.3380003,5.9090004
Bangladesh,BGD,2011,4.4,6.01
Bangladesh,BGD,2012,4.54,6.08
Bangladesh,BGD,2013,4.37,5.75
Bangladesh,BGD,2014,4.6,5.8
Bangladesh,BGD,2015,5.34,6.64
Bangladesh,BGD,2016,5.44,6.78
Bangladesh,BGD,2017,5.64,6.91
Bangladesh,BGD,2018,5.8,7
Bangladesh,BGD,2019,5.98,7.14
Bangladesh,BGD,2020,6.47,7.74
Bangladesh,BGD,2021,6.24,7.35
Bangladesh,BGD,2022,6.24,7.35
Bangladesh,BGD,2023,6.24,7.35
Barbados,BRB,1990,8.443041,8.203132
Barbados,BRB,1991,8.574702,8.306666
Barbados,BRB,1992,8.706364,8.410201
Barbados,BRB,1993,8.838025,8.513736
Barbados,BRB,1994,8.9696865,8.61727
Barbados,BRB,1995,9.101348,8.720805
Barbados,BRB,1996,9.095078,8.756644
Barbados,BRB,1997,9.088808,8.792482
Barbados,BRB,1998,9.082539,8.828321
Barbados,BRB,1999,9.076269,8.864161
Barbados,BRB,2000,9.07,8.9
Barbados,BRB,2001,9.182077,8.923892
Barbados,BRB,2002,9.294155,8.947784
Barbados,BRB,2003,9.406233,8.971678
Barbados,BRB,2004,9.518311,8.99557
Barbados,BRB,2005,9.630388,9.019463
Barbados,BRB,2006,9.6677475,9.039373
Barbados,BRB,2007,9.705108,9.059283
Barbados,BRB,2008,9.742467,9.079194
Barbados,BRB,2009,9.779826,9.099105
Barbados,BRB,2010,9.817185,9.119016
Barbados,BRB,2011,9.854545,9.105078
Barbados,BRB,2012,9.891904,9.091141
Barbados,BRB,2013,9.929263,9.077203
Barbados,BRB,2014,9.966622,9.063266
Barbados,BRB,2015,10.003982,9.049329
Barbados,BRB,2016,10.072474,9.059283
Barbados,BRB,2017,10.140965,9.069239
Barbados,BRB,2018,10.209457,9.079194
Barbados,BRB,2019,10.277949,9.089149
Barbados,BRB,2020,10.346441,9.099105
Barbados,BRB,2021,10.410782,9.113042
Barbados,BRB,2022,10.410782,9.113042
Barbados,BRB,2023,10.410782,9.113042
Belarus,BLR,1995,9.666363,10.325561
Belarus,BLR,1996,9.759804,10.395564
Belarus,BLR,1997,9.854148,10.4660425
Belarus,BLR,1998,9.949405,10.537
Belarus,BLR,1999,10.045582,10.608438
Belarus,BLR,2000,10.142689,10.680359
Belarus,BLR,2001,10.240735,10.7527685
Belarus,BLR,2002,10.339728,10.825669
Belarus,BLR,2003,10.439678,10.899064
Belarus,BLR,2004,10.540595,10.972956
Belarus,BLR,2005,10.642487,11.047349
Belarus,BLR,2006,10.745364,11.122247
Belarus,BLR,2007,10.849236,11.197653
Belarus,BLR,2008,10.954111,11.273569
Belarus,BLR,2009,11.06,11.35
Belarus,BLR,2010,11.169001,11.428
Belarus,BLR,2011,11.278,11.5060005
Belarus,BLR,2012,11.387,11.584001
Belarus,BLR,2013,11.496,11.662001
Belarus,BLR,2014,11.6050005,11.740001
Belarus,BLR,2015,11.714,11.818
Belarus,BLR,2016,11.823,11.896
Belarus,BLR,2017,11.932,11.974
Belarus,BLR,2018,12.040999,12.052
Belarus,BLR,2019,12.15,12.13
Belarus,BLR,2020,12.262033,12.209541
Belarus,BLR,2021,12.3751,12.289604
Belarus,BLR,2022,12.3751,12.289604
Belarus,BLR,2023,12.3751,12.289604
Belgium,BEL,1990,9.008846,9.855446
Belgium,BEL,1991,9.161399,9.988515
Belgium,BEL,1992,9.3139515,10.121584
Belgium,BEL,1993,9.466503,10.254654
Belgium,BEL,1994,9.619056,10.387723
Belgium,BEL,1995,9.771608,10.520792
Belgium,BEL,1996,9.872623,10.585248
Belgium,BEL,1997,9.973638,10.649703
Belgium,BEL,1998,10.074653,10.714159
Belgium,BEL,1999,10.175667,10.778614
Belgium,BEL,2000,10.276681,10.843069
Belgium,BEL,2001,10.375634,10.936634
Belgium,BEL,2002,10.474587,11.030198
Belgium,BEL,2003,10.573541,11.123762
Belgium,BEL,2004,10.672493,11.217327
Belgium,BEL,2005,10.771446,11.310891
Belgium,BEL,2006,10.79,11.34
Belgium,BEL,2007,10.835,11.42
Belgium,BEL,2008,10.88,11.5
Belgium,BEL,2009,11.04,11.61
Belgium,BEL,2010,11.17,11.68
Belgium,BEL,2011,11.24,11.72
Belgium,BEL,2012,11.27,11.74
Belgium,BEL,2013,11.35,11.74
Belgium,BEL,2014,11.44,11.86
Belgium,BEL,2015,11.73,12.07
Belgium,BEL,2016,11.83,12.15
Belgium,BEL,2017,12.11,12.37
Belgium,BEL,2018,12.215,12.400001
Belgium,BEL,2019,12.32,12.43
Belgium,BEL,2020,12.504332,12.547554
Belgium,BEL,2021,12.6914215,12.666219
Belgium,BEL,2022,12.6914215,12.666219
Belgium,BEL,2023,12.6914215,12.666219
Belize,BLZ,1990,5.3823643,5.5122476
Belize,BLZ,1991,5.55,5.68
Belize,BLZ,1992,5.7228575,5.852857
Belize,BLZ,1993,5.8957143,6.0257144
Belize,BLZ,1994,6.0685716,6.198571
Belize,BLZ,1995,6.241429,6.3714285
Belize,BLZ,1996,6.4142857,6.544286
Belize,BLZ,1997,6.587143,6.717143
Belize,BLZ,1998,6.7599998,6.8900003
Belize,BLZ,1999,6.932857,7.062857
Belize,BLZ,2000,7.1057143,7.2357144
Belize,BLZ,2001,7.278571,7.4085717
Belize,BLZ,2002,7.4514284,7.581429
Belize,BLZ,2003,7.6242857,7.754286
Belize,BLZ,2004,7.7971425,7.927143
Belize,BLZ,2005,7.97,8.1
Belize,BLZ,2006,8.474,8.576
Belize,BLZ,2007,8.978,9.052
Belize,BLZ,2008,9.481999,9.528
Belize,BLZ,2009,9.986,10.004
Belize,BLZ,2010,10.5,10.48
Belize,BLZ,2011,10.180764,10.164324
Belize,BLZ,2012,9.871528,9.848648
Belize,BLZ,2013,9.562292,9.532971
Belize,BLZ,2014,9.253056,9.217296
Belize,BLZ,2015,8.94382,8.90162
Belize,BLZ,2016,8.963056,8.851295
Belize,BLZ,2017,8.982292,8.800972
Belize,BLZ,2018,9.001528,8.750648
Belize,BLZ,2019,9.020764,8.700324
Belize,BLZ,2020,9.04,8.65
Belize,BLZ,2021,8.75497,8.76983
Belize,BLZ,2022,8.75497,8.76983
Belize,BLZ,2023,8.75497,8.76983
Benin,BEN,1990,0.76811415,2.3477225
Benin,BEN,1991,0.83368486,2.47196
Benin,BEN,1992,0.8992556,2.5961976
Benin,BEN,1993,0.9648263,2.720435
Benin,BEN,1994,1.030397,2.8446724
Benin,BEN,1995,1.0959678,2.96891
Benin,BEN,1996,1.1615385,3.062088
Benin,BEN,1997,1.2271092,3.155266
Benin,BEN,1998,1.2926799,3.248444
Benin,BEN,1999,1.3582506,3.3416224
Benin,BEN,2000,1.4238213,3.4348004
Benin,BEN,2001,1.4669107,3.5024002
Benin,BEN,2002,1.51,3.57
Benin,BEN,2003,1.5195026,3.5886445
Benin,BEN,2004,1.5290053,3.6072893
Benin,BEN,2005,1.5385079,3.625934
Benin,BEN,2006,1.5480107,3.6445787
Benin,BEN,2007,1.5575134,3.6632233
Benin,BEN,2008,1.567016,3.6818678
Benin,BEN,2009,1.5765187,3.7005126
Benin,BEN,2010,1.5860213,3.7191572
Benin,BEN,2011,1.595524,3.737802
Benin,BEN,2012,1.6050266,3.7564466
Benin,BEN,2013,1.6145293,3.7750912
Benin,BEN,2014,1.624032,3.793736
Benin,BEN,2015,1.6335347,3.8123806
Benin,BEN,2016,1.6430373,3.8310254
Benin,BEN,2017,1.65254,3.84967
Benin,BEN,2018,1.80796,4.0722547
Benin,BEN,2019,1.96338,4.29484
Benin,BEN,2020,2.006425,4.44236
Benin,BEN,2021,2.04947,4.58988
Benin,BEN,2022,2.04947,4.58988
Benin,BEN,2023,2.04947,4.58988
Bhutan,BTN,2010,1.519282,3.206426
Bhutan,BTN,2011,1.498966,3.093908
Bhutan,BTN,2012,1.48,2.98
Bhutan,BTN,2013,1.834,3.338
Bhutan,BTN,2014,2.188,3.696
Bhutan,BTN,2015,2.542,4.054
Bhutan,BTN,2016,2.896,4.412
Bhutan,BTN,2017,3.25,4.77
Bhutan,BTN,2018,3.8007212,5.2434635
Bhutan,BTN,2019,4.450652,5.7612047
Bhutan,BTN,2020,5.2117224,6.330068
Bhutan,BTN,2021,5.2117224,6.330068
Bhutan,BTN,2022,5.2117224,6.330068
Bhutan,BTN,2023,5.2117224,6.330068
Bolivia,BOL,1990,5.0121546,7.04554
Bolivia,BOL,1991,5.124811,7.147039
Bolivia,BOL,1992,5.24,7.25
Bolivia,BOL,1993,5.3577776,7.3544445
Bolivia,BOL,1994,5.4755554,7.458889
Bolivia,BOL,1995,5.5933332,7.563333
Bolivia,BOL,1996,5.711111,7.6677775
Bolivia,BOL,1997,5.828889,7.772222
Bolivia,BOL,1998,5.9466667,7.8766665
Bolivia,BOL,1999,6.0644445,7.9811106
Bolivia,BOL,2000,6.1822224,8.085555
Bolivia,BOL,2001,6.3,8.19
Bolivia,BOL,2002,6.2980003,8.068
Bolivia,BOL,2003,6.296,7.9459996
Bolivia,BOL,2004,6.294,7.824
Bolivia,BOL,2005,6.292,7.7019997
Bolivia,BOL,2006,6.29,7.58
Bolivia,BOL,2007,6.4049997,7.765
Bolivia,BOL,2008,6.52,7.95
Bolivia,BOL,2009,6.78,8.24
Bolivia,BOL,2010,7.04,8.426666
Bolivia,BOL,2011,7.3,8.613334
Bolivia,BOL,2012,7.56,8.8
Bolivia,BOL,2013,7.886667,8.976666
Bolivia,BOL,2014,8.213333,9.153334
Bolivia,BOL,2015,8.54,9.33
Bolivia,BOL,2016,8.7225,9.617499
Bolivia,BOL,2017,8.905001,9.905
Bolivia,BOL,2018,9.087501,10.1925
Bolivia,BOL,2019,9.27,10.48
Bolivia,BOL,2020,9.22,10.49
Bolivia,BOL,2021,9.362865,10.739441
Bolivia,BOL,2022,9.362865,10.739441
Bolivia,BOL,2023,9.362865,10.739441
Bosnia and Herzegovina,BIH,2000,5.490416,7.857964
Bosnia and Herzegovina,BIH,2001,5.508266,7.8644605
Bosnia and Herzegovina,BIH,2002,5.526116,7.870957
Bosnia and Herzegovina,BIH,2003,5.543966,7.8774533
Bosnia and Herzegovina,BIH,2004,5.5618157,7.8839498
Bosnia and Herzegovina,BIH,2005,5.5796657,7.890446
Bosnia and Herzegovina,BIH,2006,5.5975156,7.8969426
Bosnia and Herzegovina,BIH,2007,5.7356367,7.960207
Bosnia and Herzegovina,BIH,2008,5.873758,8.023471
Bosnia and Herzegovina,BIH,2009,6.011879,8.086736
Bosnia and Herzegovina,BIH,2010,6.15,8.15
Bosnia and Herzegovina,BIH,2011,6.29,8.26
Bosnia and Herzegovina,BIH,2012,6.8766665,8.99
Bosnia and Herzegovina,BIH,2013,7.4633336,9.72
Bosnia and Herzegovina,BIH,2014,8.05,10.45
Bosnia and Herzegovina,BIH,2015,8.19,10.48
Bosnia and Herzegovina,BIH,2016,8.63,10.85
Bosnia and Herzegovina,BIH,2017,8.740001,10.85
Bosnia and Herzegovina,BIH,2018,8.85,10.85
Bosnia and Herzegovina,BIH,2019,9.315,11.1
Bosnia and Herzegovina,BIH,2020,9.78,11.35
Bosnia and Herzegovina,BIH,2021,10.049999,11.505
Bosnia and Herzegovina,BIH,2022,10.32,11.66
Bosnia and Herzegovina,BIH,2023,10.32,11.66
Botswana,BWA,1990,5.11,5.93
Botswana,BWA,1991,5.428,6.088
Botswana,BWA,1992,5.746,6.246
Botswana,BWA,1993,6.064,6.404
Botswana,BWA,1994,6.47,6.562
Botswana,BWA,1995,6.7,6.72
Botswana,BWA,1996,6.874,6.908
Botswana,BWA,1997,7.048,7.096
Botswana,BWA,1998,7.222,7.284
Botswana,BWA,1999,7.396,7.472
Botswana,BWA,2000,7.57,7.66
Botswana,BWA,2001,7.692,7.808
Botswana,BWA,2002,7.814,7.956
Botswana,BWA,2003,7.936,8.104
Botswana,BWA,2004,8.058,8.252
Botswana,BWA,2005,8.18,8.4
Botswana,BWA,2006,8.28,8.532
Botswana,BWA,2007,8.38,8.664
Botswana,BWA,2008,8.48,8.796
Botswana,BWA,2009,8.58,8.928
Botswana,BWA,2010,8.68,9.06
Botswana,BWA,2011,8.93,9.27
Botswana,BWA,2012,9.18,9.48
Botswana,BWA,2013,9.43,9.69
Botswana,BWA,2014,9.68,9.9
Botswana,BWA,2015,9.93,10.11
Botswana,BWA,2016,10.016,10.182
Botswana,BWA,2017,10.102,10.254
Botswana,BWA,2018,10.188,10.326
Botswana,BWA,2019,10.274,10.398
Botswana,BWA,2020,10.36,10.47
Botswana,BWA,2021,10.426,10.524
Botswana,BWA,2022,10.426,10.524
Botswana,BWA,2023,10.426,10.524
Brazil,BRA,1990,3.7948904,3.529829
Brazil,BRA,1991,3.957268,3.6706564
Brazil,BRA,1992,4.1196456,3.8114839
Brazil,BRA,1993,4.282023,3.952311
Brazil,BRA,1994,4.4444003,4.0931387
Brazil,BRA,1995,4.606778,4.233966
Brazil,BRA,1996,4.77098,4.402227
Brazil,BRA,1997,4.935182,4.5704885
Brazil,BRA,1998,5.099384,4.7387495
Brazil,BRA,1999,5.263586,4.907011
Brazil,BRA,2000,5.427788,5.075272
Brazil,BRA,2001,5.588341,5.2764544
Brazil,BRA,2002,5.748894,5.4776363
Brazil,BRA,2003,5.909447,5.678818
Brazil,BRA,2004,6.07,5.88
Brazil,BRA,2005,6.25,6.04
Brazil,BRA,2006,6.43,6.2
Brazil,BRA,2007,6.61,6.38
Brazil,BRA,2008,6.79,6.54
Brazil,BRA,2009,6.89,6.63
Brazil,BRA,2010,7.04,6.7
Brazil,BRA,2011,7.16,6.83
Brazil,BRA,2012,7.38,7.03
Brazil,BRA,2013,7.48,7.08
Brazil,BRA,2014,7.58,7.16
Brazil,BRA,2015,7.7,7.29
Brazil,BRA,2016,7.91,7.53
Brazil,BRA,2017,8.05,7.62
Brazil,BRA,2018,8.18,7.75
Brazil,BRA,2019,8.327765,7.891655
Brazil,BRA,2020,8.4782,8.035899
Brazil,BRA,2021,8.631352,8.182779
Brazil,BRA,2022,8.631352,8.182779
Brazil,BRA,2023,8.631352,8.182779
Brunei,BRN,1990,6.72,8.12
Brunei,BRN,1991,6.898,8.17
Brunei,BRN,1992,7.076,8.22
Brunei,BRN,1993,7.254,8.27
Brunei,BRN,1994,7.432,8.32
Brunei,BRN,1995,7.61,8.37
Brunei,BRN,1996,7.682,8.398
Brunei,BRN,1997,7.754,8.426
Brunei,BRN,1998,7.826,8.454
Brunei,BRN,1999,7.898,8.482
Brunei,BRN,2000,7.97,8.51
Brunei,BRN,2001,7.996,8.56
Brunei,BRN,2002,8.022,8.61
Brunei,BRN,2003,8.048,8.66
Brunei,BRN,2004,8.074,8.71
Brunei,BRN,2005,8.1,8.76
Brunei,BRN,2006,8.176,8.804
Brunei,BRN,2007,8.252,8.848
Brunei,BRN,2008,8.328,8.892
Brunei,BRN,2009,8.404,8.936
Brunei,BRN,2010,8.48,8.98
Brunei,BRN,2011,8.582,8.998
Brunei,BRN,2012,8.684,9.016
Brunei,BRN,2013,8.786,9.034
Brunei,BRN,2014,8.888,9.052
Brunei,BRN,2015,8.99,9.07
Brunei,BRN,2016,9.038,9.102
Brunei,BRN,2017,9.086,9.134
Brunei,BRN,2018,9.134,9.166
Brunei,BRN,2019,9.162,9.198
Brunei,BRN,2020,9.23,9.23
Brunei,BRN,2021,9.272,9.292
Brunei,BRN,2022,9.272,9.292
Brunei,BRN,2023,9.272,9.292
Bulgaria,BGR,1990,6.609721,7.0336504
Bulgaria,BGR,1991,6.888962,7.301717
Bulgaria,BGR,1992,7.18,7.58
Bulgaria,BGR,1993,7.483333,7.868889
Bulgaria,BGR,1994,7.7866664,8.157778
Bulgaria,BGR,1995,8.09,8.446667
Bulgaria,BGR,1996,8.393333,8.735556
Bulgaria,BGR,1997,8.696667,9.024445
Bulgaria,BGR,1998,9,9.3133335
Bulgaria,BGR,1999,9.303333,9.602222
Bulgaria,BGR,2000,9.606667,9.891111
Bulgaria,BGR,2001,9.91,10.18
Bulgaria,BGR,2002,10.004,10.236
Bulgaria,BGR,2003,10.098,10.292
Bulgaria,BGR,2004,10.192,10.348001
Bulgaria,BGR,2005,10.286,10.404
Bulgaria,BGR,2006,10.38,10.46
Bulgaria,BGR,2007,10.5,10.59
Bulgaria,BGR,2008,10.56,10.62
Bulgaria,BGR,2009,10.63,10.65
Bulgaria,BGR,2010,10.73,10.71
Bulgaria,BGR,2011,10.79,10.77
Bulgaria,BGR,2012,10.92,10.87
Bulgaria,BGR,2013,11.04,10.97
Bulgaria,BGR,2014,11.12,10.98
Bulgaria,BGR,2015,11.26,11.1
Bulgaria,BGR,2016,11.32,11.14
Bulgaria,BGR,2017,11.33,11.14
Bulgaria,BGR,2018,11.39,11.196667
Bulgaria,BGR,2019,11.45,11.253334
Bulgaria,BGR,2020,11.51,11.31
Bulgaria,BGR,2021,11.56068,11.352496
Bulgaria,BGR,2022,11.56068,11.352496
Bulgaria,BGR,2023,11.56068,11.352496
Burkina Faso,BFA,2005,0.85727936,1.9228661
Burkina Faso,BFA,2006,0.85,1.88
Burkina Faso,BFA,2007,0.59,1.41
Burkina Faso,BFA,2008,0.63285714,1.4614285
Burkina Faso,BFA,2009,0.67571425,1.5128571
Burkina Faso,BFA,2010,0.7185714,1.5642856
Burkina Faso,BFA,2011,0.76142853,1.6157143
Burkina Faso,BFA,2012,0.8042857,1.6671429
Burkina Faso,BFA,2013,0.8471428,1.7185714
Burkina Faso,BFA,2014,0.89,1.77
Burkina Faso,BFA,2015,1.02,1.9499999
Burkina Faso,BFA,2016,1.15,2.1299999
Burkina Faso,BFA,2017,1.28,2.31
Burkina Faso,BFA,2018,1.41,2.49
Burkina Faso,BFA,2019,1.47,2.82
Burkina Faso,BFA,2020,1.53629,2.959985
Burkina Faso,BFA,2021,1.60258,3.09997
Burkina Faso,BFA,2022,1.60258,3.09997
Burkina Faso,BFA,2023,1.60258,3.09997
Burundi,BDI,1990,0.82,2.18
Burundi,BDI,1991,0.88277775,2.22
Burundi,BDI,1992,0.94555557,2.26
Burundi,BDI,1993,1.0083333,2.3000002
Burundi,BDI,1994,1.0711111,2.3400002
Burundi,BDI,1995,1.1338888,2.38
Burundi,BDI,1996,1.1966667,2.42
Burundi,BDI,1997,1.2594445,2.46
Burundi,BDI,1998,1.3222222,2.5
Burundi,BDI,1999,1.385,2.54
Burundi,BDI,2000,1.4477777,2.5800002
Burundi,BDI,2001,1.5105556,2.6200001
Burundi,BDI,2002,1.5733334,2.66
Burundi,BDI,2003,1.6361111,2.7
Burundi,BDI,2004,1.6988889,2.74
Burundi,BDI,2005,1.7616667,2.7800002
Burundi,BDI,2006,1.8244445,2.8200002
Burundi,BDI,2007,1.8872223,2.8600001
Burundi,BDI,2008,1.95,2.9
Burundi,BDI,2009,1.8866667,2.8400002
Burundi,BDI,2010,1.8233334,2.78
Burundi,BDI,2011,1.76,2.72
Burundi,BDI,2012,1.6966667,2.66
Burundi,BDI,2013,1.6333334,2.6
Burundi,BDI,2014,1.57,2.54
Burundi,BDI,2015,1.7900001,2.8466666
Burundi,BDI,2016,2.01,3.1533334
Burundi,BDI,2017,2.23,3.46
Burundi,BDI,2018,2.3621862,3.6538165
Burundi,BDI,2019,2.5022078,3.8584898
Burundi,BDI,2020,2.6505294,4.074628
Burundi,BDI,2021,2.8076432,4.3028736
Burundi,BDI,2022,2.8076432,4.3028736
Burundi,BDI,2023,2.8076432,4.3028736
Cambodia,KHM,1990,1.8551428,4.072083
Cambodia,KHM,1991,1.9090714,4.11589
Cambodia,KHM,1992,1.9629999,4.1596975
Cambodia,KHM,1993,2.0169287,4.2035046
Cambodia,KHM,1994,2.070857,4.2473116
Cambodia,KHM,1995,2.1247857,4.291119
Cambodia,KHM,1996,2.1851857,4.334926
Cambodia,KHM,1997,2.2455857,4.3787336
Cambodia,KHM,1998,2.3059857,4.4225407
Cambodia,KHM,1999,2.3663857,4.466348
Cambodia,KHM,2000,2.4267857,4.510155
Cambodia,KHM,2001,2.493657,4.5619273
Cambodia,KHM,2002,2.5605285,4.6137
Cambodia,KHM,2003,2.6274,4.665472
Cambodia,KHM,2004,2.6942713,4.717244
Cambodia,KHM,2005,2.7611427,4.7690163
Cambodia,KHM,2006,2.8905714,4.884508
Cambodia,KHM,2007,3.02,5
Cambodia,KHM,2008,3.16,5.05
Cambodia,KHM,2009,3.06,4.98
Cambodia,KHM,2010,3.026,4.896
Cambodia,KHM,2011,2.992,4.812
Cambodia,KHM,2012,2.958,4.728
Cambodia,KHM,2013,2.924,4.644
Cambodia,KHM,2014,2.89,4.56
Cambodia,KHM,2015,2.85,4.76
Cambodia,KHM,2016,3.1057124,5.0398054
Cambodia,KHM,2017,3.361425,5.31961
Cambodia,KHM,2018,3.6171374,5.5994153
Cambodia,KHM,2019,3.87285,5.87922
Cambodia,KHM,2020,4.12324,6.03984
Cambodia,KHM,2021,4.37363,6.20046
Cambodia,KHM,2022,4.37363,6.20046
Cambodia,KHM,2023,4.37363,6.20046
Cameroon,CMR,1990,1.4974937,2.7587225
Cameroon,CMR,1991,1.5800328,2.8412378
Cameroon,CMR,1992,1.6625718,2.9237533
Cameroon,CMR,1993,1.7451109,3.0062685
Cameroon,CMR,1994,1.8276498,3.088784
Cameroon,CMR,1995,1.9101889,3.1712992
Cameroon,CMR,1996,1.992728,3.252583
Cameroon,CMR,1997,2.075267,3.3338668
Cameroon,CMR,1998,2.157806,3.4151506
Cameroon,CMR,1999,2.240345,3.4964345
Cameroon,CMR,2000,2.322884,3.5777183
Cameroon,CMR,2001,2.4007065,3.650381
Cameroon,CMR,2002,2.478529,3.723044
Cameroon,CMR,2003,2.5563517,3.7957065
Cameroon,CMR,2004,2.634174,3.8683693
Cameroon,CMR,2005,2.7119966,3.9410322
Cameroon,CMR,2006,2.7909982,3.975516
Cameroon,CMR,2007,2.87,4.01
Cameroon,CMR,2008,3.2133334,4.876667
Cameroon,CMR,2009,3.5566666,5.7433333
Cameroon,CMR,2010,3.9,6.61
Cameroon,CMR,2011,4.1000724,6.715585
Cameroon,CMR,2012,4.300145,6.8211703
Cameroon,CMR,2013,4.5002174,6.926755
Cameroon,CMR,2014,4.70029,7.03234
Cameroon,CMR,2015,4.9003625,7.137925
Cameroon,CMR,2016,5.100435,7.2435102
Cameroon,CMR,2017,5.3005075,7.349095
Cameroon,CMR,2018,5.50058,7.45468
Cameroon,CMR,2019,5.567264,7.506187
Cameroon,CMR,2020,5.633948,7.5576944
Cameroon,CMR,2021,5.680114,7.583448
Cameroon,CMR,2022,5.680114,7.583448
Cameroon,CMR,2023,5.680114,7.583448
Canada,CAN,1990,10.587158,10.929361
Canada,CAN,1991,10.77,11.09
Canada,CAN,1992,10.956,11.253
Canada,CAN,1993,11.142,11.416
Canada,CAN,1994,11.328,11.579
Canada,CAN,1995,11.514,11.742001
Canada,CAN,1996,11.700001,11.905001
Canada,CAN,1997,11.886001,12.068
Canada,CAN,1998,12.0720005,12.231
Canada,CAN,1999,12.258,12.394
Canada,CAN,2000,12.444,12.557
Canada,CAN,2001,12.63,12.72
Canada,CAN,2002,12.758,12.85
Canada,CAN,2003,12.886001,12.9800005
Canada,CAN,2004,13.014,13.11
Canada,CAN,2005,13.142,13.24
Canada,CAN,2006,13.27,13.37
Canada,CAN,2007,13.328,13.41
Canada,CAN,2008,13.386001,13.45
Canada,CAN,2009,13.444,13.49
Canada,CAN,2010,13.502001,13.53
Canada,CAN,2011,13.56,13.57
Canada,CAN,2012,13.604,13.592
Canada,CAN,2013,13.648,13.614
Canada,CAN,2014,13.692,13.636
Canada,CAN,2015,13.736,13.658
Canada,CAN,2016,13.78,13.68
Canada,CAN,2017,13.811999,13.702001
Canada,CAN,2018,13.844,13.724
Canada,CAN,2019,13.875999,13.746
Canada,CAN,2020,13.908,13.768
Canada,CAN,2021,13.94,13.79
Canada,CAN,2022,13.94,13.79
Canada,CAN,2023,13.94,13.79
Cape Verde,CPV,2000,5.21676,5.6261673
Cape Verde,CPV,2001,5.2423573,5.658284
Cape Verde,CPV,2002,5.26808,5.6905847
Cape Verde,CPV,2003,5.293929,5.7230697
Cape Verde,CPV,2004,5.319905,5.75574
Cape Verde,CPV,2005,5.3460083,5.7885966
Cape Verde,CPV,2006,5.3722396,5.8216414
Cape Verde,CPV,2007,5.3985996,5.854874
Cape Verde,CPV,2008,5.425089,5.888297
Cape Verde,CPV,2009,5.4517083,5.921911
Cape Verde,CPV,2010,5.4784584,5.955716
Cape Verde,CPV,2011,5.5053396,5.9897146
Cape Verde,CPV,2012,5.532353,6.0239067
Cape Verde,CPV,2013,5.559499,6.058295
Cape Verde,CPV,2014,5.586644,6.0926824
Cape Verde,CPV,2015,5.61,6.13
Cape Verde,CPV,2016,5.640936,6.1614575
Cape Verde,CPV,2017,5.6680813,6.195845
Cape Verde,CPV,2018,5.714482,6.240277
Cape Verde,CPV,2019,5.760882,6.2847085
Cape Verde,CPV,2020,5.807282,6.32914
Cape Verde,CPV,2021,5.807282,6.32914
Cape Verde,CPV,2022,5.807282,6.32914
Cape Verde,CPV,2023,5.807282,6.32914
Central African Republic,CAF,1990,0.9024149,3.0067317
Central African Republic,CAF,1991,0.95133084,3.1150126
Central African Republic,CAF,1992,1.0002468,3.2232938
Central African Republic,CAF,1993,1.0491627,3.3315747
Central African Republic,CAF,1994,1.0980787,3.4398558
Central African Republic,CAF,1995,1.1469946,3.5481367
Central African Republic,CAF,1996,1.2043444,3.650617
Central African Republic,CAF,1997,1.2616941,3.7530973
Central African Republic,CAF,1998,1.3190439,3.8555775
Central African Republic,CAF,1999,1.3763936,3.9580576
Central African Republic,CAF,2000,1.4337434,4.060538
Central African Republic,CAF,2001,1.491093,4.1475496
Central African Republic,CAF,2002,1.5484427,4.234561
Central African Republic,CAF,2003,1.6057925,4.321573
Central African Republic,CAF,2004,1.6631422,4.408584
Central African Republic,CAF,2005,1.720492,4.4955955
Central African Republic,CAF,2006,1.7727814,4.5420017
Central African Republic,CAF,2007,1.8250709,4.588408
Central African Republic,CAF,2008,1.8773603,4.6348143
Central African Republic,CAF,2009,1.9296498,4.68122
Central African Republic,CAF,2010,1.9819393,4.7276263
Central African Republic,CAF,2011,2.0814579,4.8591104
Central African Republic,CAF,2012,2.1809766,4.9905944
Central African Republic,CAF,2013,2.2804952,5.1220784
Central African Republic,CAF,2014,2.380014,5.253563
Central African Republic,CAF,2015,2.4795325,5.385047
Central African Republic,CAF,2016,2.5149543,5.3908477
Central African Republic,CAF,2017,2.5503764,5.3966484
Central African Republic,CAF,2018,2.5857983,5.402449
Central African Republic,CAF,2019,2.62122,5.40825
Central African Republic,CAF,2020,2.656642,5.4140506
Central African Republic,CAF,2021,2.7004976,5.439187
Central African Republic,CAF,2022,2.7004976,5.439187
Central African Republic,CAF,2023,2.7004976,5.439187
Chad,TCD,2000,0.5829125,2.0677867
Chad,TCD,2001,0.6171844,2.13584
Chad,TCD,2002,0.65145624,2.2038934
Chad,TCD,2003,0.68572813,2.2719467
Chad,TCD,2004,0.72,2.34
Chad,TCD,2005,0.754,2.4099998
Chad,TCD,2006,0.788,2.48
Chad,TCD,2007,0.822,2.55
Chad,TCD,2008,0.856,2.6200001
Chad,TCD,2009,0.89,2.69
Chad,TCD,2010,0.926291,2.76035
Chad,TCD,2011,0.962582,2.8307002
Chad,TCD,2012,0.998873,2.90105
Chad,TCD,2013,1.035164,2.9714
Chad,TCD,2014,1.071455,3.04175
Chad,TCD,2015,1.107746,3.1121001
Chad,TCD,2016,1.144037,3.18245
Chad,TCD,2017,1.180328,3.2528
Chad,TCD,2018,1.216619,3.3231502
Chad,TCD,2019,1.25291,3.3935
Chad,TCD,2020,1.292735,3.4685888
Chad,TCD,2021,1.3338257,3.5453393
Chad,TCD,2022,1.3338257,3.5453393
Chad,TCD,2023,1.3338257,3.5453393
Chile,CHL,1990,8.336525,8.433037
Chile,CHL,1991,8.421029,8.507446
Chile,CHL,1992,8.535505,8.581856
Chile,CHL,1993,8.603213,8.656264
Chile,CHL,1994,8.670922,8.730674
Chile,CHL,1995,8.73863,8.805083
Chile,CHL,1996,8.802108,8.916697
Chile,CHL,1997,8.865584,9.02831
Chile,CHL,1998,8.929061,9.139924
Chile,CHL,1999,8.9925375,9.251537
Chile,CHL,2000,9.056014,9.363152
Chile,CHL,2001,9.202011,9.462363
Chile,CHL,2002,9.348007,9.561576
Chile,CHL,2003,9.494004,9.660788
Chile,CHL,2004,9.64,9.76
Chile,CHL,2005,9.666667,9.806666
Chile,CHL,2006,9.693334,9.853333
Chile,CHL,2007,9.72,9.9
Chile,CHL,2008,9.96,10.26
Chile,CHL,2009,9.85,10.115001
Chile,CHL,2010,9.74,9.97
Chile,CHL,2011,9.39,9.72
Chile,CHL,2012,9.635,9.94
Chile,CHL,2013,9.88,10.16
Chile,CHL,2014,10,10.29
Chile,CHL,2015,10.12,10.42
Chile,CHL,2016,10.299999,10.57
Chile,CHL,2017,10.48,10.72
Chile,CHL,2018,10.657816,10.883262
Chile,CHL,2019,10.83865,11.04901
Chile,CHL,2020,11.022552,11.217282
Chile,CHL,2021,11.209574,11.388118
Chile,CHL,2022,11.209574,11.388118
Chile,CHL,2023,11.209574,11.388118
China,CHN,1990,3.7408824,4.5120587
China,CHN,1991,3.9197943,4.727853
China,CHN,1992,4.098706,4.943647
China,CHN,1993,4.277618,5.159441
China,CHN,1994,4.4565296,5.375235
China,CHN,1995,4.6354413,5.5910296
China,CHN,1996,4.814353,5.8068237
China,CHN,1997,4.9932647,6.022618
China,CHN,1998,5.172177,6.238412
China,CHN,1999,5.3510885,6.454206
China,CHN,2000,5.53,6.67
China,CHN,2001,5.6400003,6.751
China,CHN,2002,5.75,6.8320003
China,CHN,2003,5.86,6.913
China,CHN,2004,5.9700003,6.994
China,CHN,2005,6.08,7.0750003
China,CHN,2006,6.19,7.156
China,CHN,2007,6.3,7.237
China,CHN,2008,6.4100003,7.318
China,CHN,2009,6.52,7.399
China,CHN,2010,6.63,7.48
China,CHN,2011,6.6675014,7.628829
China,CHN,2012,6.7050023,7.7776575
China,CHN,2013,6.7425036,7.9264865
China,CHN,2014,6.780005,8.075315
China,CHN,2015,6.8175063,8.224144
China,CHN,2016,6.855007,8.3729725
China,CHN,2017,6.8925085,8.521802
China,CHN,2018,6.93001,8.67063
China,CHN,2019,7.2850046,8.465316
China,CHN,2020,7.64,8.26
China,CHN,2021,7.8178096,8.268926
China,CHN,2022,7.8178096,8.268926
China,CHN,2023,7.8178096,8.268926
Colombia,COL,1990,6.3021045,6.4008555
Colombia,COL,1991,6.352345,6.4518833
Colombia,COL,1992,6.402986,6.503318
Colombia,COL,1993,6.454031,6.5551624
Colombia,COL,1994,6.5054827,6.6074204
Colombia,COL,1995,6.5569344,6.6596785
Colombia,COL,1996,6.608386,6.7119365
Colombia,COL,1997,6.6598377,6.7641945
Colombia,COL,1998,6.7112894,6.8164525
Colombia,COL,1999,6.762741,6.8687105
Colombia,COL,2000,6.8141932,6.920968
Colombia,COL,2001,6.865645,6.973226
Colombia,COL,2002,6.9170966,7.025484
Colombia,COL,2003,6.9685483,7.077742
Colombia,COL,2004,7.02,7.13
Colombia,COL,2005,7.26,7.31
Colombia,COL,2006,6.8,6.8
Colombia,COL,2007,7.21,7.17
Colombia,COL,2008,7.34,7.3
Colombia,COL,2009,7.3,7.19
Colombia,COL,2010,7.44,7.34
Colombia,COL,2011,7.58,7.45
Colombia,COL,2012,7.69,7.56
Colombia,COL,2013,7.94,7.72
Colombia,COL,2014,8.11,7.87
Colombia,COL,2015,8.16,7.93
Colombia,COL,2016,8.35,8.08
Colombia,COL,2017,8.505,8.21
Colombia,COL,2018,8.66,8.34
Colombia,COL,2019,8.81,8.46
Colombia,COL,2020,9.02,8.7
Colombia,COL,2021,9.202619,8.862857
Colombia,COL,2022,9.202619,8.862857
Colombia,COL,2023,9.202619,8.862857
Comoros,COM,2000,1.9507114,3.5786915
Comoros,COM,2001,2.0951083,3.7487495
Comoros,COM,2002,2.2395053,3.9188073
Comoros,COM,2003,2.3839023,4.0888653
Comoros,COM,2004,2.528299,4.258923
Comoros,COM,2005,2.672696,4.428981
Comoros,COM,2006,2.8170931,4.5990386
Comoros,COM,2007,2.9614902,4.7690964
Comoros,COM,2008,3.1058872,4.939154
Comoros,COM,2009,3.2502842,5.1092124
Comoros,COM,2010,3.394681,5.27927
Comoros,COM,2011,3.539078,5.449328
Comoros,COM,2012,3.683475,5.6193857
Comoros,COM,2013,3.8314824,5.7509284
Comoros,COM,2014,3.97949,5.8824706
Comoros,COM,2015,4.1274977,6.0140133
Comoros,COM,2016,4.275505,6.1455555
Comoros,COM,2017,4.4235125,6.2770977
Comoros,COM,2018,4.57152,6.4086404
Comoros,COM,2019,4.7195272,6.540183
Comoros,COM,2020,4.867535,6.6717253
Comoros,COM,2021,5.0155425,6.8032675
Comoros,COM,2022,5.16355,6.93481
Comoros,COM,2023,5.16355,6.93481
Congo,COG,1990,4.0277333,8.03992
Congo,COG,1991,4.2575207,8.181312
Congo,COG,1992,4.487308,8.322703
Congo,COG,1993,4.7170954,8.464095
Congo,COG,1994,4.9468827,8.605487
Congo,COG,1995,5.17667,8.746879
Congo,COG,1996,5.3754745,8.730245
Congo,COG,1997,5.5742793,8.71361
Congo,COG,1998,5.773084,8.696976
Congo,COG,1999,5.971889,8.680342
Congo,COG,2000,6.170694,8.663707
Congo,COG,2001,6.20684,8.708065
Congo,COG,2002,6.242986,8.752423
Congo,COG,2003,6.279133,8.796782
Congo,COG,2004,6.315279,8.84114
Congo,COG,2005,6.351425,8.885498
Congo,COG,2006,6.3462615,8.913221
Congo,COG,2007,6.341098,8.940946
Congo,COG,2008,6.335934,8.96867
Congo,COG,2009,6.3307705,8.996393
Congo,COG,2010,6.3256063,9.024117
Congo,COG,2011,6.4831014,9.08511
Congo,COG,2012,6.640596,9.146102
Congo,COG,2013,6.7980905,9.207094
Congo,COG,2014,6.9555855,9.268087
Congo,COG,2015,7.11308,9.32908
Congo,COG,2016,7.138899,9.340169
Congo,COG,2017,7.1647177,9.351258
Congo,COG,2018,7.1905365,9.362349
Congo,COG,2019,7.2163553,9.373438
Congo,COG,2020,7.242174,9.384527
Congo,COG,2021,7.322212,9.448292
Congo,COG,2022,7.322212,9.448292
Congo,COG,2023,7.322212,9.448292
Costa Rica,CRI,1990,6.920095,6.696703
Costa Rica,CRI,1991,7.017394,6.7817717
Costa Rica,CRI,1992,7.1146927,6.8668404
Costa Rica,CRI,1993,7.211992,6.9519095
Costa Rica,CRI,1994,7.309291,7.0369782
Costa Rica,CRI,1995,7.4065895,7.1220474
Costa Rica,CRI,1996,7.4707003,7.1754627
Costa Rica,CRI,1997,7.534811,7.228878
Costa Rica,CRI,1998,7.5989213,7.2822933
Costa Rica,CRI,1999,7.663032,7.3357086
Costa Rica,CRI,2000,7.727143,7.389124
Costa Rica,CRI,2001,7.7733884,7.5414567
Costa Rica,CRI,2002,7.819634,7.6937895
Costa Rica,CRI,2003,7.820515,7.8914866
Costa Rica,CRI,2004,7.9153457,7.9984546
Costa Rica,CRI,2005,8.010177,8.150787
Costa Rica,CRI,2006,8.000088,8.095394
Costa Rica,CRI,2007,7.99,8.04
Costa Rica,CRI,2008,8.28,8.29
Costa Rica,CRI,2009,8.34,8.39
Costa Rica,CRI,2010,8.25,8.21
Costa Rica,CRI,2011,8.37,8.33
Costa Rica,CRI,2012,8.43,8.39
Costa Rica,CRI,2013,8.585,8.575
Costa Rica,CRI,2014,8.74,8.76
Costa Rica,CRI,2015,8.67,8.49
Costa Rica,CRI,2016,8.64,8.48
Costa Rica,CRI,2017,8.735001,8.54
Costa Rica,CRI,2018,8.83,8.6
Costa Rica,CRI,2019,8.860001,8.65
Costa Rica,CRI,2020,8.89,8.7
Costa Rica,CRI,2021,8.934796,8.7426605
Costa Rica,CRI,2022,8.934796,8.7426605
Costa Rica,CRI,2023,8.934796,8.7426605
Cote d'Ivoire,CIV,1990,1.087038,2.5843337
Cote d'Ivoire,CIV,1991,1.1836636,2.6763783
Cote d'Ivoire,CIV,1992,1.2802892,2.768423
Cote d'Ivoire,CIV,1993,1.3769149,2.860468
Cote d'Ivoire,CIV,1994,1.4735404,2.9525125
Cote d'Ivoire,CIV,1995,1.570166,3.0445573
Cote d'Ivoire,CIV,1996,1.7216926,3.1861646
Cote d'Ivoire,CIV,1997,1.873219,3.327772
Cote d'Ivoire,CIV,1998,2.0247455,3.4693794
Cote d'Ivoire,CIV,1999,2.1762722,3.6109867
Cote d'Ivoire,CIV,2000,2.3277986,3.752594
Cote d'Ivoire,CIV,2001,2.4354043,3.8534892
Cote d'Ivoire,CIV,2002,2.5430102,3.9543843
Cote d'Ivoire,CIV,2003,2.650616,4.0552797
Cote d'Ivoire,CIV,2004,2.7582216,4.1561747
Cote d'Ivoire,CIV,2005,2.8658276,4.25707
Cote d'Ivoire,CIV,2006,2.9844134,4.3349543
Cote d'Ivoire,CIV,2007,3.1029994,4.412838
Cote d'Ivoire,CIV,2008,3.2215853,4.490722
Cote d'Ivoire,CIV,2009,3.3401713,4.568606
Cote d'Ivoire,CIV,2010,3.4587574,4.64649
Cote d'Ivoire,CIV,2011,3.619068,4.7898674
Cote d'Ivoire,CIV,2012,3.7793787,4.933245
Cote d'Ivoire,CIV,2013,3.9396892,5.0766225
Cote d'Ivoire,CIV,2014,4.1,5.22
Cote d'Ivoire,CIV,2015,4.0914283,5.278571
Cote d'Ivoire,CIV,2016,4.082857,5.337143
Cote d'Ivoire,CIV,2017,4.0742855,5.3957143
Cote d'Ivoire,CIV,2018,4.0657144,5.4542856
Cote d'Ivoire,CIV,2019,4.0571427,5.512857
Cote d'Ivoire,CIV,2020,4.0485716,5.571429
Cote d'Ivoire,CIV,2021,4.04,5.63
Cote d'Ivoire,CIV,2022,4.04,5.63
Cote d'Ivoire,CIV,2023,4.04,5.63
Croatia,HRV,1990,5.5158877,7.8268476
Croatia,HRV,1991,5.83,8.09
Croatia,HRV,1992,6.1619997,8.362
Croatia,HRV,1993,6.494,8.634
Croatia,HRV,1994,6.8259997,8.906
Croatia,HRV,1995,7.158,9.178
Croatia,HRV,1996,7.49,9.45
Croatia,HRV,1997,7.8219995,9.722
Croatia,HRV,1998,8.153999,9.994
Croatia,HRV,1999,8.486,10.266001
Croatia,HRV,2000,8.818,10.538
Croatia,HRV,2001,9.15,10.81
Croatia,HRV,2002,9.297999,10.901
Croatia,HRV,2003,9.446,10.992001
Croatia,HRV,2004,9.594,11.083
Croatia,HRV,2005,9.742,11.174001
Croatia,HRV,2006,9.889999,11.265
Croatia,HRV,2007,10.038,11.356
Croatia,HRV,2008,10.186,11.4470005
Croatia,HRV,2009,10.334,11.538
Croatia,HRV,2010,10.482,11.629001
Croatia,HRV,2011,10.63,11.72
Croatia,HRV,2012,10.778499,11.824776
Croatia,HRV,2013,10.884212,11.825506
Croatia,HRV,2014,11.024666,11.817896
Croatia,HRV,2015,11.056058,11.830885
Croatia,HRV,2016,11.19913,11.951197
Croatia,HRV,2017,11.301269,12.014427
Croatia,HRV,2018,11.464317,12.118594
Croatia,HRV,2019,11.588206,12.148622
Croatia,HRV,2020,11.716808,12.218306
Croatia,HRV,2021,11.892606,12.327333
Croatia,HRV,2022,11.892606,12.327333
Croatia,HRV,2023,11.892606,12.327333
Cuba,CUB,1990,8.506468,9.096118
Cuba,CUB,1991,8.669041,9.231121
Cuba,CUB,1992,8.831614,9.366124
Cuba,CUB,1993,8.994187,9.501128
Cuba,CUB,1994,9.15676,9.636131
Cuba,CUB,1995,9.319333,9.771134
Cuba,CUB,1996,9.420083,9.859661
Cuba,CUB,1997,9.520832,9.948188
Cuba,CUB,1998,9.621582,10.036715
Cuba,CUB,1999,9.722331,10.125241
Cuba,CUB,2000,9.823081,10.213768
Cuba,CUB,2001,9.92154,10.266884
Cuba,CUB,2002,10.02,10.32
Cuba,CUB,2003,10.167001,10.439
Cuba,CUB,2004,10.314,10.558
Cuba,CUB,2005,10.461,10.677
Cuba,CUB,2006,10.608,10.796
Cuba,CUB,2007,10.755,10.915
Cuba,CUB,2008,10.902,11.034
Cuba,CUB,2009,11.049,11.153
Cuba,CUB,2010,11.196,11.272
Cuba,CUB,2011,11.342999,11.391
Cuba,CUB,2012,11.49,11.51
Cuba,CUB,2013,11.384333,11.37547
Cuba,CUB,2014,11.278666,11.24094
Cuba,CUB,2015,11.172998,11.10641
Cuba,CUB,2016,11.067331,10.97188
Cuba,CUB,2017,10.961664,10.83735
Cuba,CUB,2018,10.855997,10.70282
Cuba,CUB,2019,10.75033,10.56829
Cuba,CUB,2020,10.647671,10.438669
Cuba,CUB,2021,10.725853,10.5292
Cuba,CUB,2022,10.725853,10.5292
Cuba,CUB,2023,10.725853,10.5292
Cyprus,CYP,1990,7.564127,9.076166
Cyprus,CYP,1991,7.7400184,9.212066
Cyprus,CYP,1992,7.92,9.35
Cyprus,CYP,1993,8.104167,9.490001
Cyprus,CYP,1994,8.288334,9.63
Cyprus,CYP,1995,8.4725,9.77
Cyprus,CYP,1996,8.656667,9.91
Cyprus,CYP,1997,8.840834,10.05
Cyprus,CYP,1998,9.025,10.190001
Cyprus,CYP,1999,9.209167,10.33
Cyprus,CYP,2000,9.393333,10.47
Cyprus,CYP,2001,9.5775,10.61
Cyprus,CYP,2002,9.761667,10.75
Cyprus,CYP,2003,9.945833,10.889999
Cyprus,CYP,2004,10.13,11.03
Cyprus,CYP,2005,10.35,11.12
Cyprus,CYP,2006,10.63,11.33
Cyprus,CYP,2007,10.86,11.55
Cyprus,CYP,2008,10.96,11.63
Cyprus,CYP,2009,10.93,11.61
Cyprus,CYP,2010,11.12,11.78
Cyprus,CYP,2011,11.32,11.87
Cyprus,CYP,2012,11.59,12.04
Cyprus,CYP,2013,11.66,12.12
Cyprus,CYP,2014,11.75,12.03
Cyprus,CYP,2015,11.73,12.02
Cyprus,CYP,2016,11.99,12.19
Cyprus,CYP,2017,12.115,12.259999
Cyprus,CYP,2018,12.24,12.33
Cyprus,CYP,2019,12.325,12.400001
Cyprus,CYP,2020,12.41,12.47
Cyprus,CYP,2021,12.550852,12.562073
Cyprus,CYP,2022,12.550852,12.562073
Cyprus,CYP,2023,12.550852,12.562073
Czechia,CZE,1990,7.969972,10.419631
Czechia,CZE,1991,8.2,10.55
Czechia,CZE,1992,8.4366665,10.682
Czechia,CZE,1993,8.673333,10.814
Czechia,CZE,1994,8.91,10.946
Czechia,CZE,1995,9.146667,11.078
Czechia,CZE,1996,9.383333,11.21
Czechia,CZE,1997,9.62,11.342
Czechia,CZE,1998,9.856667,11.474
Czechia,CZE,1999,10.093333,11.606
Czechia,CZE,2000,10.33,11.738
Czechia,CZE,2001,10.566667,11.87
Czechia,CZE,2002,10.803333,12.002
Czechia,CZE,2003,11.04,12.134
Czechia,CZE,2004,11.276667,12.266
Czechia,CZE,2005,11.513333,12.398
Czechia,CZE,2006,11.75,12.53
Czechia,CZE,2007,11.78,12.54
Czechia,CZE,2008,11.85,12.56
Czechia,CZE,2009,11.97,12.64
Czechia,CZE,2010,12.07,12.73
Czechia,CZE,2011,12.18,12.78
Czechia,CZE,2012,12.26,12.8
Czechia,CZE,2013,12.35,12.86
Czechia,CZE,2014,12.4,12.89
Czechia,CZE,2015,12.47,12.89
Czechia,CZE,2016,12.53,12.96
Czechia,CZE,2017,12.59,12.99
Czechia,CZE,2018,12.650001,13.015
Czechia,CZE,2019,12.71,13.04
Czechia,CZE,2020,12.772924,13.070229
Czechia,CZE,2021,12.836161,13.100528
Czechia,CZE,2022,12.836161,13.100528
Czechia,CZE,2023,12.836161,13.100528
Democratic Republic of Congo,COD,1990,2.2055907,5.219965
Democratic Republic of Congo,COD,1991,2.3926249,5.446015
Democratic Republic of Congo,COD,1992,2.579659,5.672065
Democratic Republic of Congo,COD,1993,2.7666929,5.898114
Democratic Republic of Congo,COD,1994,2.953727,6.124164
Democratic Republic of Congo,COD,1995,3.1407611,6.350214
Democratic Republic of Congo,COD,1996,3.2325137,6.4751363
Democratic Republic of Congo,COD,1997,3.3242662,6.6000586
Democratic Republic of Congo,COD,1998,3.416019,6.724981
Democratic Republic of Congo,COD,1999,3.5077715,6.849903
Democratic Republic of Congo,COD,2000,3.599524,6.974825
Democratic Republic of Congo,COD,2001,3.659516,7.028363
Democratic Republic of Congo,COD,2002,3.7195082,7.0819016
Democratic Republic of Congo,COD,2003,3.7795002,7.1354394
Democratic Republic of Congo,COD,2004,3.8394923,7.1889777
Democratic Republic of Congo,COD,2005,3.8994844,7.2425156
Democratic Republic of Congo,COD,2006,3.9418318,7.272259
Democratic Republic of Congo,COD,2007,3.984179,7.3020024
Democratic Republic of Congo,COD,2008,4.0265265,7.3317456
Democratic Republic of Congo,COD,2009,4.068874,7.3614893
Democratic Republic of Congo,COD,2010,4.1112213,7.3912325
Democratic Republic of Congo,COD,2011,4.2241473,7.4774885
Democratic Republic of Congo,COD,2012,4.337074,7.563744
Democratic Republic of Congo,COD,2013,4.45,7.65
Democratic Republic of Congo,COD,2014,4.7233334,7.89
Democratic Republic of Congo,COD,2015,4.9966664,8.13
Democratic Republic of Congo,COD,2016,5.27,8.37
Democratic Republic of Congo,COD,2017,5.39636,8.580605
Democratic Republic of Congo,COD,2018,5.52272,8.79121
Democratic Republic of Congo,COD,2019,5.6860466,8.80452
Democratic Republic of Congo,COD,2020,5.8493733,8.81783
Democratic Republic of Congo,COD,2021,6.0848675,8.960912
Democratic Republic of Congo,COD,2022,6.0848675,8.960912
Democratic Republic of Congo,COD,2023,6.0848675,8.960912
Denmark,DNK,1990,11.293396,11.52352
Denmark,DNK,1991,11.32,11.57
Denmark,DNK,1992,11.346666,11.616667
Denmark,DNK,1993,11.373333,11.663333
Denmark,DNK,1994,11.4,11.71
Denmark,DNK,1995,11.5,11.79
Denmark,DNK,1996,11.69125,11.92875
Denmark,DNK,1997,11.8825,12.0675
Denmark,DNK,1998,12.07375,12.20625
Denmark,DNK,1999,12.265,12.344999
Denmark,DNK,2000,12.45625,12.483749
Denmark,DNK,2001,12.6475,12.622499
Denmark,DNK,2002,12.83875,12.76125
Denmark,DNK,2003,13.03,12.9
Denmark,DNK,2004,13.06,12.79
Denmark,DNK,2005,12.9366665,12.733334
Denmark,DNK,2006,12.8133335,12.676666
Denmark,DNK,2007,12.69,12.62
Denmark,DNK,2008,12.94,12.83
Denmark,DNK,2009,12.68,12.27
Denmark,DNK,2010,12.440001,12.42
Denmark,DNK,2011,12.52,12.41
Denmark,DNK,2012,12.82,12.58
Denmark,DNK,2013,12.9,12.6
Denmark,DNK,2014,12.21,12.56
Denmark,DNK,2015,12.78,12.49
Denmark,DNK,2016,13.32,13
Denmark,DNK,2017,13.2,12.82
Denmark,DNK,2018,13.08,12.64
Denmark,DNK,2019,13.12,12.700001
Denmark,DNK,2020,13.16,12.76
Denmark,DNK,2021,13.239645,12.817209
Denmark,DNK,2022,13.239645,12.817209
Denmark,DNK,2023,13.239645,12.817209
Djibouti,DJI,2010,1.5184456,4.1645837
Djibouti,DJI,2011,1.6331946,4.2647595
Djibouti,DJI,2012,1.7566153,4.3673453
Djibouti,DJI,2013,1.8893628,4.4723988
Djibouti,DJI,2014,2.0321422,4.579979
Djibouti,DJI,2015,2.1749213,4.687559
Djibouti,DJI,2016,2.3177006,4.79514
Djibouti,DJI,2017,2.46048,4.90272
Djibouti,DJI,2018,2.6032593,5.0103
Djibouti,DJI,2019,2.6427848,5.035207
Djibouti,DJI,2020,2.6823103,5.0601134
Djibouti,DJI,2021,2.7218359,5.0850196
Djibouti,DJI,2022,2.7218359,5.0850196
Djibouti,DJI,2023,2.7218359,5.0850196
Dominica,DMA,2000,7.777501,7.4956636
Dominica,DMA,2001,7.88,7.62
Dominica,DMA,2002,7.9866233,7.7506614
Dominica,DMA,2003,8.093246,7.881323
Dominica,DMA,2004,8.199869,8.011984
Dominica,DMA,2005,8.306492,8.142646
Dominica,DMA,2006,8.4131155,8.273307
Dominica,DMA,2007,8.519738,8.403969
Dominica,DMA,2008,8.626361,8.534631
Dominica,DMA,2009,8.732984,8.665292
Dominica,DMA,2010,8.839607,8.795954
Dominica,DMA,2011,8.94623,8.926615
Dominica,DMA,2012,9.052853,9.057277
Dominica,DMA,2013,9.159476,9.187938
Dominica,DMA,2014,9.266099,9.318599
Dominica,DMA,2015,9.372722,9.449261
Dominica,DMA,2016,9.479345,9.579922
Dominica,DMA,2017,9.585968,9.710584
Dominica,DMA,2018,9.692591,9.841245
Dominica,DMA,2019,9.799213,9.971907
Dominica,DMA,2020,9.905837,10.102569
Dominica,DMA,2021,10.01246,10.23323
Dominica,DMA,2022,10.01246,10.23323
Dominica,DMA,2023,10.01246,10.23323
Dominican Republic,DOM,1990,4.9310966,5.563225
Dominican Republic,DOM,1991,5.0871444,5.670055
Dominican Republic,DOM,1992,5.2431917,5.776885
Dominican Republic,DOM,1993,5.399239,5.883715
Dominican Republic,DOM,1994,5.5552864,5.9905453
Dominican Republic,DOM,1995,5.7113338,6.097375
Dominican Republic,DOM,1996,5.8653,6.1679235
Dominican Republic,DOM,1997,6.019267,6.2384715
Dominican Republic,DOM,1998,6.173234,6.3090196
Dominican Republic,DOM,1999,6.3272004,6.3795676
Dominican Republic,DOM,2000,6.4811673,6.4501157
Dominican Republic,DOM,2001,6.576876,6.506554
Dominican Republic,DOM,2002,6.6725855,6.562993
Dominican Republic,DOM,2003,6.7682943,6.6194315
Dominican Republic,DOM,2004,6.8640037,6.67587
Dominican Republic,DOM,2005,6.9597125,6.7323084
Dominican Republic,DOM,2006,7.1698565,6.841154
Dominican Republic,DOM,2007,7.38,6.95
Dominican Republic,DOM,2008,7.3933334,6.983333
Dominican Republic,DOM,2009,7.4066668,7.016667
Dominican Republic,DOM,2010,7.42,7.05
Dominican Republic,DOM,2011,7.53,7.12
Dominican Republic,DOM,2012,7.67,7.17
Dominican Republic,DOM,2013,7.73,7.29
Dominican Republic,DOM,2014,7.88,7.4
Dominican Republic,DOM,2015,8.02,7.4
Dominican Republic,DOM,2016,9.31,8.76
Dominican Republic,DOM,2017,9.287924,8.6642
Dominican Republic,DOM,2018,9.265846,8.5684
Dominican Republic,DOM,2019,9.24377,8.4726
Dominican Republic,DOM,2020,9.560801,8.727812
Dominican Republic,DOM,2021,9.888704,8.990711
Dominican Republic,DOM,2022,9.888704,8.990711
Dominican Republic,DOM,2023,9.888704,8.990711
East Asia and the Pacific (UNDP),,1990,3.6905775,4.559249
East Asia and the Pacific (UNDP),,1991,3.8709328,4.7612815
East Asia and the Pacific (UNDP),,1992,4.0508666,4.9631443
East Asia and the Pacific (UNDP),,1993,4.2306724,5.1648917
East Asia and the Pacific (UNDP),,1994,4.4101887,5.366298
East Asia and the Pacific (UNDP),,1995,4.5895686,5.5677953
East Asia and the Pacific (UNDP),,1996,4.769775,5.7696323
East Asia and the Pacific (UNDP),,1997,4.9523497,5.972714
East Asia and the Pacific (UNDP),,1998,5.135223,6.1758003
East Asia and the Pacific (UNDP),,1999,5.318287,6.3786035
East Asia and the Pacific (UNDP),,2000,5.5006146,6.5806174
East Asia and the Pacific (UNDP),,2001,5.647576,6.6948147
East Asia and the Pacific (UNDP),,2002,5.794786,6.8091364
East Asia and the Pacific (UNDP),,2003,5.94251,6.923874
East Asia and the Pacific (UNDP),,2004,6.0907917,7.039252
East Asia and the Pacific (UNDP),,2005,6.209352,7.1320415
East Asia and the Pacific (UNDP),,2006,6.335322,7.2319727
East Asia and the Pacific (UNDP),,2007,6.370263,7.290758
East Asia and the Pacific (UNDP),,2008,6.491305,7.371817
East Asia and the Pacific (UNDP),,2009,6.628023,7.4840746
East Asia and the Pacific (UNDP),,2010,6.7434635,7.5672574
East Asia and the Pacific (UNDP),,2011,6.8025827,7.6995015
East Asia and the Pacific (UNDP),,2012,6.860375,7.832452
East Asia and the Pacific (UNDP),,2013,6.918495,7.965695
East Asia and the Pacific (UNDP),,2014,6.967429,8.0864105
East Asia and the Pacific (UNDP),,2015,7.01733,8.213442
East Asia and the Pacific (UNDP),,2016,7.0664225,8.324997
East Asia and the Pacific (UNDP),,2017,7.129821,8.478654
East Asia and the Pacific (UNDP),,2018,7.1925406,8.600801
East Asia and the Pacific (UNDP),,2019,7.5216436,8.511882
East Asia and the Pacific (UNDP),,2020,7.809931,8.398728
East Asia and the Pacific (UNDP),,2021,7.9918375,8.458745
East Asia and the Pacific (UNDP),,2022,8.026555,8.498946
East Asia and the Pacific (UNDP),,2023,8.028754,8.501155
East Timor,TLS,2000,2.8559895,4.6622753
East Timor,TLS,2001,2.998653,4.7837653
East Timor,TLS,2002,3.1484432,4.908421
East Timor,TLS,2003,3.3057156,5.036325
East Timor,TLS,2004,3.4708443,5.167562
East Timor,TLS,2005,3.6442215,5.3022184
East Timor,TLS,2006,3.8262594,5.4403844
East Timor,TLS,2007,4.0173907,5.58215
East Timor,TLS,2008,4.218069,5.72761
East Timor,TLS,2009,4.428772,5.8768606
East Timor,TLS,2010,4.65,6.03
East Timor,TLS,2011,4.6374702,6.0230584
East Timor,TLS,2012,4.62494,6.0161166
East Timor,TLS,2013,4.61241,6.009175
East Timor,TLS,2014,4.59988,6.0022335
East Timor,TLS,2015,4.58735,5.9952917
East Timor,TLS,2016,4.57482,5.98835
East Timor,TLS,2017,4.7924223,6.1404266
East Timor,TLS,2018,5.0203743,6.2963653
East Timor,TLS,2019,5.2591696,6.4562645
East Timor,TLS,2020,5.5093226,6.620224
East Timor,TLS,2021,5.7713747,6.7883477
East Timor,TLS,2022,5.7713747,6.7883477
East Timor,TLS,2023,5.7713747,6.7883477
Ecuador,ECU,1990,6.38,7.13
Ecuador,ECU,1991,6.449412,7.174706
Ecuador,ECU,1992,6.5188236,7.219412
Ecuador,ECU,1993,6.5882354,7.2641177
Ecuador,ECU,1994,6.657647,7.3088236
Ecuador,ECU,1995,6.727059,7.3535295
Ecuador,ECU,1996,6.7964706,7.3982353
Ecuador,ECU,1997,6.8658824,7.442941
Ecuador,ECU,1998,6.935294,7.487647
Ecuador,ECU,1999,7.004706,7.532353
Ecuador,ECU,2000,7.0741177,7.577059
Ecuador,ECU,2001,7.1435294,7.6217647
Ecuador,ECU,2002,7.212941,7.6664705
Ecuador,ECU,2003,7.282353,7.7111764
Ecuador,ECU,2004,7.3517647,7.7558823
Ecuador,ECU,2005,7.4211764,7.800588
Ecuador,ECU,2006,7.490588,7.845294
Ecuador,ECU,2007,7.56,7.89
Ecuador,ECU,2008,7.6,7.87
Ecuador,ECU,2009,7.61,7.89
Ecuador,ECU,2010,7.71,8.01
Ecuador,ECU,2011,7.77,8.06
Ecuador,ECU,2012,7.97,8.24
Ecuador,ECU,2013,8.18,8.41
Ecuador,ECU,2014,8.27,8.46
Ecuador,ECU,2015,8.63,8.78
Ecuador,ECU,2016,8.64,8.75
Ecuador,ECU,2017,8.71,8.82
Ecuador,ECU,2018,8.74,8.826667
Ecuador,ECU,2019,8.77,8.833333
Ecuador,ECU,2020,8.8,8.84
Ecuador,ECU,2021,9.14,9.08
Ecuador,ECU,2022,8.92,9.03
Ecuador,ECU,2023,8.92,9.03
Egypt,EGY,1990,4.4274225,5.8998184
Egypt,EGY,1991,4.66301,6.0233874
Egypt,EGY,1992,4.8985977,6.1469564
Egypt,EGY,1993,5.1341853,6.270526
Egypt,EGY,1994,5.369773,6.394095
Egypt,EGY,1995,5.6053605,6.517664
Egypt,EGY,1996,5.91,6.68
Egypt,EGY,1997,5.8389997,6.772
Egypt,EGY,1998,5.7679996,6.864
Egypt,EGY,1999,5.697,6.956
Egypt,EGY,2000,5.626,7.048
Egypt,EGY,2001,5.555,7.14
Egypt,EGY,2002,5.4839997,7.232
Egypt,EGY,2003,5.4129996,7.324
Egypt,EGY,2004,5.342,7.416
Egypt,EGY,2005,5.271,7.508
Egypt,EGY,2006,5.2,7.6
Egypt,EGY,2007,5.5454545,7.739091
Egypt,EGY,2008,5.8909087,7.878182
Egypt,EGY,2009,6.2363634,8.017273
Egypt,EGY,2010,6.581818,8.1563635
Egypt,EGY,2011,6.927273,8.295455
Egypt,EGY,2012,7.272727,8.4345455
Egypt,EGY,2013,7.6181817,8.573636
Egypt,EGY,2014,7.9636364,8.712728
Egypt,EGY,2015,8.309091,8.851818
Egypt,EGY,2016,8.654546,8.99091
Egypt,EGY,2017,9,9.13
Egypt,EGY,2018,9.39189,9.275826
Egypt,EGY,2019,9.800843,9.423983
Egypt,EGY,2020,10.227605,9.574505
Egypt,EGY,2021,10.672949,9.727431
Egypt,EGY,2022,10.672949,9.727431
Egypt,EGY,2023,10.672949,9.727431
El Salvador,SLV,1990,3.6073935,3.933983
El Salvador,SLV,1991,3.6681845,4.0744824
El Salvador,SLV,1992,3.73,4.22
El Salvador,SLV,1993,3.7928572,4.370714
El Salvador,SLV,1994,3.8557143,4.5214286
El Salvador,SLV,1995,3.9185715,4.6721425
El Salvador,SLV,1996,3.9814286,4.822857
El Salvador,SLV,1997,4.044286,4.9735713
El Salvador,SLV,1998,4.107143,5.1242857
El Salvador,SLV,1999,4.17,5.275
El Salvador,SLV,2000,4.232857,5.425714
El Salvador,SLV,2001,4.2957144,5.5764284
El Salvador,SLV,2002,4.3585715,5.727143
El Salvador,SLV,2003,4.4214287,5.877857
El Salvador,SLV,2004,4.484286,6.028571
El Salvador,SLV,2005,4.547143,6.1792855
El Salvador,SLV,2006,4.61,6.33
El Salvador,SLV,2007,5.33,5.99
El Salvador,SLV,2008,5.66,6.49
El Salvador,SLV,2009,5.83,6.5
El Salvador,SLV,2010,6.07,6.66
El Salvador,SLV,2011,5.89,6.62
El Salvador,SLV,2012,6.02,6.8
El Salvador,SLV,2013,6.12,6.83
El Salvador,SLV,2014,6.21,6.9266667
El Salvador,SLV,2015,6.2999997,7.023333
El Salvador,SLV,2016,6.39,7.12
El Salvador,SLV,2017,6.51,7.22
El Salvador,SLV,2018,6.625,7.395
El Salvador,SLV,2019,6.74,7.57
El Salvador,SLV,2020,6.77,7.62
El Salvador,SLV,2021,6.8566666,7.6266665
El Salvador,SLV,2022,6.9433336,7.633333
El Salvador,SLV,2023,7.03,7.64
Eritrea,ERI,2005,3.8975368,6.0880265
Eritrea,ERI,2006,3.8594985,6.006434
Eritrea,ERI,2007,3.8218315,5.9259343
Eritrea,ERI,2008,3.784532,5.8465137
Eritrea,ERI,2009,3.7475967,5.768158
Eritrea,ERI,2010,3.711022,5.6908517
Eritrea,ERI,2011,3.674804,5.614582
Eritrea,ERI,2012,3.6389396,5.5393343
Eritrea,ERI,2013,3.603425,5.465095
Eritrea,ERI,2014,3.5679107,5.390856
Eritrea,ERI,2015,3.5323963,5.3166165
Eritrea,ERI,2016,3.4968817,5.2423778
Eritrea,ERI,2017,3.4613674,5.1681385
Eritrea,ERI,2018,3.6326973,5.34955
Eritrea,ERI,2019,3.8040276,5.5309615
Eritrea,ERI,2020,3.9753578,5.712373
Eritrea,ERI,2021,3.9753578,5.712373
Eritrea,ERI,2022,3.9753578,5.712373
Eritrea,ERI,2023,3.9753578,5.712373
Estonia,EST,1990,9.602755,9.782005
Estonia,EST,1991,9.866441,10.001453
Estonia,EST,1992,10.130127,10.2209015
Estonia,EST,1993,10.346575,10.44035
Estonia,EST,1994,10.6168165,10.659798
Estonia,EST,1995,10.921186,10.879246
Estonia,EST,1996,11.186949,11.119396
Estonia,EST,1997,11.452712,11.359548
Estonia,EST,1998,11.718474,11.599698
Estonia,EST,1999,11.984238,11.839849
Estonia,EST,2000,12.25,12.08
Estonia,EST,2001,12.445,12.223333
Estonia,EST,2002,12.64,12.366667
Estonia,EST,2003,12.835,12.509999
Estonia,EST,2004,13.03,12.653333
Estonia,EST,2005,13.225,12.796666
Estonia,EST,2006,13.42,12.94
Estonia,EST,2007,13.45,12.94
Estonia,EST,2008,13.54,12.92
Estonia,EST,2009,13.68,12.89
Estonia,EST,2010,13.7,12.89
Estonia,EST,2011,13.76,12.98
Estonia,EST,2012,13.78,13.06
Estonia,EST,2013,13.92,13.11
Estonia,EST,2014,13.93,12.91
Estonia,EST,2015,13.96,12.97
Estonia,EST,2016,13.95,13.03
Estonia,EST,2017,14.01,13.06
Estonia,EST,2018,14.14,13.13
Estonia,EST,2019,13.96,13.200001
Estonia,EST,2020,13.78,13.27
Estonia,EST,2021,13.744833,13.330837
Estonia,EST,2022,13.744833,13.330837
Estonia,EST,2023,13.744833,13.330837
Eswatini,SWZ,1990,6.615581,5.7159796
Eswatini,SWZ,1991,6.5436125,5.761465
Eswatini,SWZ,1992,6.4716434,5.80695
Eswatini,SWZ,1993,6.399675,5.8524356
Eswatini,SWZ,1994,6.3277063,5.8979206
Eswatini,SWZ,1995,6.255738,5.943406
Eswatini,SWZ,1996,6.0896564,5.9039855
Eswatini,SWZ,1997,5.9235744,5.864565
Eswatini,SWZ,1998,5.757493,5.8251443
Eswatini,SWZ,1999,5.5914116,5.7857237
Eswatini,SWZ,2000,5.42533,5.746303
Eswatini,SWZ,2001,5.1706715,5.5582976
Eswatini,SWZ,2002,4.9160132,5.3702917
Eswatini,SWZ,2003,4.661355,5.1822863
Eswatini,SWZ,2004,4.406697,4.9942803
Eswatini,SWZ,2005,4.152038,4.806275
Eswatini,SWZ,2006,4.3900886,5.1186066
Eswatini,SWZ,2007,4.6281385,5.4309387
Eswatini,SWZ,2008,4.866189,5.743271
Eswatini,SWZ,2009,5.104239,6.055603
Eswatini,SWZ,2010,5.3422894,6.3679347
Eswatini,SWZ,2011,5.6772203,6.6256847
Eswatini,SWZ,2012,6.0121512,6.8834343
Eswatini,SWZ,2013,6.3470826,7.1411843
Eswatini,SWZ,2014,6.6820135,7.398934
Eswatini,SWZ,2015,7.016945,7.6566834
Eswatini,SWZ,2016,7.2217784,7.8386245
Eswatini,SWZ,2017,7.4266124,8.020566
Eswatini,SWZ,2018,7.6314464,8.202507
Eswatini,SWZ,2019,7.8362803,8.384448
Eswatini,SWZ,2020,8.041114,8.566388
Eswatini,SWZ,2021,8.254252,8.754395
Eswatini,SWZ,2022,8.46739,8.9424
Eswatini,SWZ,2023,8.46739,8.9424
Ethiopia,ETH,2000,0.8744638,2.1078923
Ethiopia,ETH,2001,0.9207049,2.2129564
Ethiopia,ETH,2002,0.966946,2.3180208
Ethiopia,ETH,2003,1.0131872,2.423085
Ethiopia,ETH,2004,1.0723903,2.524814
Ethiopia,ETH,2005,1.1315936,2.6265426
Ethiopia,ETH,2006,1.1907967,2.7282712
Ethiopia,ETH,2007,1.25,2.83
Ethiopia,ETH,2008,1.2575,2.935
Ethiopia,ETH,2009,1.265,3.04
Ethiopia,ETH,2010,1.2725,3.145
Ethiopia,ETH,2011,1.28,3.25
Ethiopia,ETH,2012,1.331648,3.285734
Ethiopia,ETH,2013,1.383296,3.3214679
Ethiopia,ETH,2014,1.4349439,3.357202
Ethiopia,ETH,2015,1.4865919,3.392936
Ethiopia,ETH,2016,1.53824,3.42867
Ethiopia,ETH,2017,1.56874,3.3601866
Ethiopia,ETH,2018,1.59924,3.2917035
Ethiopia,ETH,2019,1.62974,3.22322
Ethiopia,ETH,2020,1.6718125,3.197445
Ethiopia,ETH,2021,1.7149712,3.171876
Ethiopia,ETH,2022,1.7149712,3.171876
Ethiopia,ETH,2023,1.7149712,3.171876
Europe,,1990,8.363864,9.161403
Europe,,1991,8.53584,9.307631
Europe,,1992,8.715214,9.454721
Europe,,1993,8.896477,9.601295
Europe,,1994,9.072513,9.745306
Europe,,1995,9.377586,10.032706
Europe,,1996,9.56814,10.196927
Europe,,1997,9.759996,10.360283
Europe,,1998,9.949962,10.522796
Europe,,1999,10.137837,10.6839075
Europe,,2000,10.375569,10.9133
Europe,,2001,10.5368595,11.039712
Europe,,2002,10.688175,11.174043
Europe,,2003,10.85625,11.309178
Europe,,2004,11.016457,11.440143
Europe,,2005,11.10004,11.5350485
Europe,,2006,11.197027,11.610525
Europe,,2007,11.30098,11.700134
Europe,,2008,11.391352,11.779862
Europe,,2009,11.49227,11.834136
Europe,,2010,11.548916,11.906507
Europe,,2011,11.620714,11.94363
Europe,,2012,11.709089,11.995799
Europe,,2013,11.725542,11.990401
Europe,,2014,11.780585,12.035686
Europe,,2015,11.879211,12.083434
Europe,,2016,11.94217,12.124913
Europe,,2017,12.00672,12.156861
Europe,,2018,12.068647,12.187138
Europe,,2019,12.151549,12.252365
Europe,,2020,12.237491,12.320106
Europe,,2021,12.312984,12.370435
Europe,,2022,12.324421,12.382741
Europe,,2023,12.33186,12.393273
Europe and Central Asia (UNDP),,1990,6.898513,8.017158
Europe and Central Asia (UNDP),,1991,7.0277314,8.133646
Europe and Central Asia (UNDP),,1992,7.1533995,8.247906
Europe and Central Asia (UNDP),,1993,7.273001,8.356585
Europe and Central Asia (UNDP),,1994,7.3875,8.462594
Europe and Central Asia (UNDP),,1995,7.7782855,8.812824
Europe and Central Asia (UNDP),,1996,7.8830686,8.901137
Europe and Central Asia (UNDP),,1997,7.987661,8.986741
Europe and Central Asia (UNDP),,1998,8.0931,9.071809
Europe and Central Asia (UNDP),,1999,8.201581,9.157916
Europe and Central Asia (UNDP),,2000,8.437244,9.3535385
Europe and Central Asia (UNDP),,2001,8.538686,9.404928
Europe and Central Asia (UNDP),,2002,8.641152,9.458637
Europe and Central Asia (UNDP),,2003,8.760517,9.531456
Europe and Central Asia (UNDP),,2004,8.889972,9.599298
Europe and Central Asia (UNDP),,2005,8.978576,9.6903515
Europe and Central Asia (UNDP),,2006,9.066949,9.763586
Europe and Central Asia (UNDP),,2007,9.16578,9.827717
Europe and Central Asia (UNDP),,2008,9.305162,9.8845
Europe and Central Asia (UNDP),,2009,9.373044,9.941579
Europe and Central Asia (UNDP),,2010,9.558012,10.1534395
Europe and Central Asia (UNDP),,2011,9.68122,10.245602
Europe and Central Asia (UNDP),,2012,9.763436,10.298328
Europe and Central Asia (UNDP),,2013,9.836822,10.352831
Europe and Central Asia (UNDP),,2014,9.917932,10.416253
Europe and Central Asia (UNDP),,2015,9.990252,10.462895
Europe and Central Asia (UNDP),,2016,10.087981,10.569547
Europe and Central Asia (UNDP),,2017,10.148011,10.632188
Europe and Central Asia (UNDP),,2018,10.228177,10.700305
Europe and Central Asia (UNDP),,2019,10.319626,10.777578
Europe and Central Asia (UNDP),,2020,10.402134,10.848428
Europe and Central Asia (UNDP),,2021,10.48885,10.927559
Europe and Central Asia (UNDP),,2022,10.488557,10.931428
Europe and Central Asia (UNDP),,2023,10.476954,10.935758
European Union (27),,1990,8.098565,9.107677
European Union (27),,1991,8.272672,9.271412
European Union (27),,1992,8.452419,9.438258
European Union (27),,1993,8.62846,9.60214
European Union (27),,1994,8.801553,9.76309
European Union (27),,1995,8.976284,9.925735
European Union (27),,1996,9.143439,10.091734
European Union (27),,1997,9.309255,10.256168
European Union (27),,1998,9.472936,10.417388
European Union (27),,1999,9.633163,10.575977
European Union (27),,2000,9.79616,10.737494
European Union (27),,2001,10.000848,10.877596
European Union (27),,2002,10.200887,11.015369
European Union (27),,2003,10.409079,11.157334
European Union (27),,2004,10.613098,11.294529
European Union (27),,2005,10.697063,11.369838
European Union (27),,2006,10.790337,11.425065
European Union (27),,2007,10.893429,11.502901
European Union (27),,2008,10.973423,11.564454
European Union (27),,2009,11.075771,11.588824
European Union (27),,2010,11.134352,11.669301
European Union (27),,2011,11.242932,11.735666
European Union (27),,2012,11.3448,11.8039875
European Union (27),,2013,11.431522,11.866929
European Union (27),,2014,11.492203,11.935698
European Union (27),,2015,11.623613,12.007009
European Union (27),,2016,11.70007,12.055254
European Union (27),,2017,11.778919,12.089473
European Union (27),,2018,11.854544,12.123009
European Union (27),,2019,11.967731,12.217654
European Union (27),,2020,12.08497,12.315433
European Union (27),,2021,12.181638,12.379372
European Union (27),,2022,12.190461,12.384968
European Union (27),,2023,12.194655,12.388494
Fiji,FJI,1990,6.2881966,6.889304
Fiji,FJI,1991,6.514007,7.1170893
Fiji,FJI,1992,6.7398176,7.3448744
Fiji,FJI,1993,6.9656286,7.5726595
Fiji,FJI,1994,7.191439,7.800444
Fiji,FJI,1995,7.4172497,8.02823
Fiji,FJI,1996,7.4,7.99
Fiji,FJI,1997,7.5654545,8.106363
Fiji,FJI,1998,7.7309093,8.222727
Fiji,FJI,1999,7.8963637,8.339091
Fiji,FJI,2000,8.061818,8.455455
Fiji,FJI,2001,8.227273,8.571818
Fiji,FJI,2002,8.392728,8.688182
Fiji,FJI,2003,8.558182,8.804545
Fiji,FJI,2004,8.723637,8.920909
Fiji,FJI,2005,8.8890915,9.037273
Fiji,FJI,2006,9.054545,9.153637
Fiji,FJI,2007,9.22,9.27
Fiji,FJI,2008,9.367001,9.400001
Fiji,FJI,2009,9.514,9.530001
Fiji,FJI,2010,9.661,9.653
Fiji,FJI,2011,9.808,9.79
Fiji,FJI,2012,9.955,9.92
Fiji,FJI,2013,10.102,10.05
Fiji,FJI,2014,10.249,10.18
Fiji,FJI,2015,10.396,10.309999
Fiji,FJI,2016,10.542999,10.44
Fiji,FJI,2017,10.69,10.57
Fiji,FJI,2018,10.62586,10.504055
Fiji,FJI,2019,10.56172,10.438109
Fiji,FJI,2020,10.49758,10.372165
Fiji,FJI,2021,10.43344,10.30622
Fiji,FJI,2022,10.43344,10.30622
Fiji,FJI,2023,10.43344,10.30622
Finland,FIN,1990,8.97,9.42
Finland,FIN,1991,9.21077,9.624616
Finland,FIN,1992,9.451539,9.829231
Finland,FIN,1993,9.692308,10.033846
Finland,FIN,1994,9.933077,10.2384615
Finland,FIN,1995,10.173846,10.443077
Finland,FIN,1996,10.414616,10.647693
Finland,FIN,1997,10.655385,10.852307
Finland,FIN,1998,10.896154,11.056923
Finland,FIN,1999,11.136924,11.2615385
Finland,FIN,2000,11.377692,11.466154
Finland,FIN,2001,11.618462,11.670769
Finland,FIN,2002,11.859231,11.875384
Finland,FIN,2003,12.1,12.08
Finland,FIN,2004,12.16,12.115
Finland,FIN,2005,12.22,12.15
Finland,FIN,2006,12.27,12.19
Finland,FIN,2007,12.33,12.22
Finland,FIN,2008,12.39,12.26
Finland,FIN,2009,12.45,12.29
Finland,FIN,2010,12.5,12.33
Finland,FIN,2011,12.55,12.36
Finland,FIN,2012,12.59,12.38
Finland,FIN,2013,12.66,12.43
Finland,FIN,2014,12.72,12.47
Finland,FIN,2015,12.77,12.49
Finland,FIN,2016,12.83,12.535
Finland,FIN,2017,12.89,12.58
Finland,FIN,2018,12.97,12.634999
Finland,FIN,2019,13.05,12.69
Finland,FIN,2020,13.117025,12.734469
Finland,FIN,2021,13.184396,12.779096
Finland,FIN,2022,13.184396,12.779096
Finland,FIN,2023,13.184396,12.779096
France,FRA,1990,7.23,7.91
France,FRA,1991,7.424286,8.099286
France,FRA,1992,7.6185713,8.288571
France,FRA,1993,7.812857,8.477858
France,FRA,1994,8.007143,8.667143
France,FRA,1995,8.201428,8.856428
France,FRA,1996,8.395714,9.045714
France,FRA,1997,8.59,9.235001
France,FRA,1998,8.784286,9.424286
France,FRA,1999,8.978571,9.613572
France,FRA,2000,9.172857,9.802857
France,FRA,2001,9.367143,9.992143
France,FRA,2002,9.561428,10.181429
France,FRA,2003,9.755714,10.370714
France,FRA,2004,9.95,10.56
France,FRA,2005,10.03,10.64
France,FRA,2006,10.174999,10.745
France,FRA,2007,10.32,10.85
France,FRA,2008,10.41,10.93
France,FRA,2009,10.5,10.78
France,FRA,2010,10.53,11.06
France,FRA,2011,10.61,11.12
France,FRA,2012,10.71,11.19
France,FRA,2013,10.84,11.35
France,FRA,2014,10.98,11.5
France,FRA,2015,11.12,11.57
France,FRA,2016,11.13,11.59
France,FRA,2017,11.21,11.63
France,FRA,2018,11.325,11.715
France,FRA,2019,11.44,11.8
France,FRA,2020,11.534381,11.860962
France,FRA,2021,11.629541,11.922238
France,FRA,2022,11.629541,11.922238
France,FRA,2023,11.629541,11.922238
Gabon,GAB,1990,5.23,3.36
Gabon,GAB,1991,5.402,3.56
Gabon,GAB,1992,5.574,3.76
Gabon,GAB,1993,5.746,3.96
Gabon,GAB,1994,5.918,4.16
Gabon,GAB,1995,6.09,4.36
Gabon,GAB,1996,6.276,4.542
Gabon,GAB,1997,6.462,4.724
Gabon,GAB,1998,6.648,4.906
Gabon,GAB,1999,6.834,5.088
Gabon,GAB,2000,7.02,5.27
Gabon,GAB,2001,7.19,5.406
Gabon,GAB,2002,7.36,5.542
Gabon,GAB,2003,7.53,5.678
Gabon,GAB,2004,7.7,5.814
Gabon,GAB,2005,7.87,5.95
Gabon,GAB,2006,8.022,6.046
Gabon,GAB,2007,8.174,6.142
Gabon,GAB,2008,8.326,6.238
Gabon,GAB,2009,8.478,6.334
Gabon,GAB,2010,8.63,6.43
Gabon,GAB,2011,8.882,6.764
Gabon,GAB,2012,9.134,7.098
Gabon,GAB,2013,9.386,7.432
Gabon,GAB,2014,9.638,7.766
Gabon,GAB,2015,9.89,8.1
Gabon,GAB,2016,9.996,8.22
Gabon,GAB,2017,10.102,8.34
Gabon,GAB,2018,10.208,8.46
Gabon,GAB,2019,10.314,8.58
Gabon,GAB,2020,10.42,8.7
Gabon,GAB,2021,10.532,8.862
Gabon,GAB,2022,10.532,8.862
Gabon,GAB,2023,10.532,8.862
Gambia,GMB,1990,0.76932013,2.0893395
Gambia,GMB,1991,0.8516699,2.2060623
Gambia,GMB,1992,0.9340197,2.3227851
Gambia,GMB,1993,1.0163695,2.4395082
Gambia,GMB,1994,1.0987192,2.556231
Gambia,GMB,1995,1.1810689,2.6729538
Gambia,GMB,1996,1.2135755,2.7896767
Gambia,GMB,1997,1.246082,2.9063995
Gambia,GMB,1998,1.2785884,3.0231225
Gambia,GMB,1999,1.3110949,3.1398454
Gambia,GMB,2000,1.3436013,3.2565682
Gambia,GMB,2001,1.4172827,3.3499465
Gambia,GMB,2002,1.490964,3.4433248
Gambia,GMB,2003,1.5646454,3.536703
Gambia,GMB,2004,1.6383269,3.6300814
Gambia,GMB,2005,1.7120082,3.7234597
Gambia,GMB,2006,1.8051934,3.8355136
Gambia,GMB,2007,1.8983787,3.9475677
Gambia,GMB,2008,1.9915639,4.059622
Gambia,GMB,2009,2.0847492,4.1716757
Gambia,GMB,2010,2.1779344,4.2837296
Gambia,GMB,2011,2.3274643,4.4051213
Gambia,GMB,2012,2.476994,4.526513
Gambia,GMB,2013,2.626524,4.647905
Gambia,GMB,2014,2.744249,4.751936
Gambia,GMB,2015,2.8619745,4.855967
Gambia,GMB,2016,2.9796996,4.9599977
Gambia,GMB,2017,3.097425,5.0640287
Gambia,GMB,2018,3.21515,5.16806
Gambia,GMB,2019,3.4437,5.3792696
Gambia,GMB,2020,3.67225,5.59048
Gambia,GMB,2021,3.8603454,5.7504487
Gambia,GMB,2022,3.8603454,5.7504487
Gambia,GMB,2023,3.8603454,5.7504487
Georgia,GEO,2000,11.656309,11.989481
Georgia,GEO,2001,11.717991,12.039636
Georgia,GEO,2002,11.78,12.09
Georgia,GEO,2003,11.842999,12.141
Georgia,GEO,2004,11.906,12.192
Georgia,GEO,2005,11.969,12.243
Georgia,GEO,2006,12.032,12.294001
Georgia,GEO,2007,12.094999,12.345
Georgia,GEO,2008,12.158,12.396
Georgia,GEO,2009,12.221,12.4470005
Georgia,GEO,2010,12.283999,12.498
Georgia,GEO,2011,12.347,12.549001
Georgia,GEO,2012,12.41,12.6
Georgia,GEO,2013,12.505,12.625
Georgia,GEO,2014,12.6,12.65
Georgia,GEO,2015,12.715,12.724999
Georgia,GEO,2016,12.83,12.8
Georgia,GEO,2017,12.9,12.85
Georgia,GEO,2018,12.884999,12.81
Georgia,GEO,2019,12.87,12.77
Georgia,GEO,2020,12.833333,12.723333
Georgia,GEO,2021,12.796667,12.676667
Georgia,GEO,2022,12.76,12.63
Georgia,GEO,2023,12.76,12.63
Germany,DEU,1990,9.838617,11.144563
Germany,DEU,1991,10.014902,11.379433
Germany,DEU,1992,10.191188,11.614302
Germany,DEU,1993,10.367473,11.849172
Germany,DEU,1994,10.543758,12.084041
Germany,DEU,1995,10.720043,12.318911
Germany,DEU,1996,10.879653,12.57257
Germany,DEU,1997,11.039262,12.826229
Germany,DEU,1998,11.198872,13.079888
Germany,DEU,1999,11.358481,13.333548
Germany,DEU,2000,11.518091,13.587207
Germany,DEU,2001,11.963568,13.770405
Germany,DEU,2002,12.409045,13.953603
Germany,DEU,2003,12.854523,14.136802
Germany,DEU,2004,13.3,14.32
Germany,DEU,2005,13.2,14.24
Germany,DEU,2006,13.1,14.15
Germany,DEU,2007,13.19,14.21
Germany,DEU,2008,13.26,14.29
Germany,DEU,2009,13.35,14.34
Germany,DEU,2010,13.38,14.35
Germany,DEU,2011,13.5,14.39
Germany,DEU,2012,13.56,14.42
Germany,DEU,2013,13.62,14.42
Germany,DEU,2014,13.63,14.47
Germany,DEU,2015,13.7,14.49
Germany,DEU,2016,13.77,14.52
Germany,DEU,2017,13.785,14.440001
Germany,DEU,2018,13.8,14.36
Germany,DEU,2019,13.8949995,14.45
Germany,DEU,2020,13.99,14.54
Germany,DEU,2021,14.04878,14.550225
Germany,DEU,2022,14.04878,14.550225
Germany,DEU,2023,14.04878,14.550225
Ghana,GHA,1990,2.7646644,6.0729313
Ghana,GHA,1991,2.8836093,6.20768
Ghana,GHA,1992,3.002554,6.342429
Ghana,GHA,1993,3.1214988,6.477178
Ghana,GHA,1994,3.2404437,6.611927
Ghana,GHA,1995,3.3593886,6.746676
Ghana,GHA,1996,3.4622598,6.7854395
Ghana,GHA,1997,3.5651312,6.8242025
Ghana,GHA,1998,3.6680024,6.862966
Ghana,GHA,1999,3.7708735,6.9017296
Ghana,GHA,2000,3.8737447,6.940493
Ghana,GHA,2001,3.936432,6.9589515
Ghana,GHA,2002,3.999119,6.9774103
Ghana,GHA,2003,4.061806,6.995869
Ghana,GHA,2004,4.1244936,7.014328
Ghana,GHA,2005,4.1871805,7.032787
Ghana,GHA,2006,4.265941,7.0937004
Ghana,GHA,2007,4.3447022,7.1546144
Ghana,GHA,2008,4.423463,7.2155285
Ghana,GHA,2009,4.5022235,7.2764425
Ghana,GHA,2010,4.5809846,7.337356
Ghana,GHA,2011,4.645279,7.3207436
Ghana,GHA,2012,4.7095737,7.3041306
Ghana,GHA,2013,4.773868,7.2875175
Ghana,GHA,2014,4.8381624,7.2709045
Ghana,GHA,2015,4.902457,7.254292
Ghana,GHA,2016,5.0326533,7.326281
Ghana,GHA,2017,5.16285,7.39827
Ghana,GHA,2018,5.357824,7.58478
Ghana,GHA,2019,5.552798,7.7712903
Ghana,GHA,2020,5.747772,7.9578
Ghana,GHA,2021,5.942746,8.14431
Ghana,GHA,2022,6.13772,8.33082
Ghana,GHA,2023,6.13772,8.33082
Greece,GRC,1990,7.484248,8.15735
Greece,GRC,1991,7.606113,8.2901745
Greece,GRC,1992,7.729962,8.425162
Greece,GRC,1993,7.8538113,8.56015
Greece,GRC,1994,7.97766,8.695137
Greece,GRC,1995,8.101509,8.830125
Greece,GRC,1996,8.225358,8.965113
Greece,GRC,1997,8.349208,9.1001
Greece,GRC,1998,8.473057,9.235087
Greece,GRC,1999,8.596906,9.370075
Greece,GRC,2000,8.720755,9.505062
Greece,GRC,2001,8.844604,9.64005
Greece,GRC,2002,8.968452,9.775038
Greece,GRC,2003,9.092302,9.910026
Greece,GRC,2004,9.216151,10.045012
Greece,GRC,2005,9.34,10.18
Greece,GRC,2006,9.79,10.44
Greece,GRC,2007,9.65,10.49
Greece,GRC,2008,9.71,10.52
Greece,GRC,2009,9.795,10.540001
Greece,GRC,2010,9.88,10.56
Greece,GRC,2011,9.9875,10.6475
Greece,GRC,2012,10.095,10.735
Greece,GRC,2013,10.2025,10.8225
Greece,GRC,2014,10.31,10.91
Greece,GRC,2015,10.5,11.01
Greece,GRC,2016,9.96,10.57
Greece,GRC,2017,10.245,10.865
Greece,GRC,2018,10.530001,11.16
Greece,GRC,2019,10.815001,11.455
Greece,GRC,2020,11.1,11.75
Greece,GRC,2021,11.229697,11.908116
Greece,GRC,2022,11.229697,11.908116
Greece,GRC,2023,11.229697,11.908116
Grenada,GRD,2015,8.744608,9.241756
Grenada,GRD,2016,8.872969,9.288059
Grenada,GRD,2017,9.001328,9.334362
Grenada,GRD,2018,9.129688,9.380665
Grenada,GRD,2019,9.1824465,9.437897
Grenada,GRD,2020,9.235205,9.495129
Grenada,GRD,2021,9.287963,9.552361
Grenada,GRD,2022,9.287963,9.552361
Grenada,GRD,2023,9.287963,9.552361
Guatemala,GTM,1990,2.7961159,3.527137
Guatemala,GTM,1991,2.8675957,3.6082206
Guatemala,GTM,1992,2.9390752,3.689304
Guatemala,GTM,1993,3.010555,3.770388
Guatemala,GTM,1994,3.0820346,3.8514714
Guatemala,GTM,1995,3.1535141,3.932555
Guatemala,GTM,1996,3.2207892,4.01972
Guatemala,GTM,1997,3.2880642,4.106885
Guatemala,GTM,1998,3.3553393,4.19405
Guatemala,GTM,1999,3.422614,4.2812147
Guatemala,GTM,2000,3.4898891,4.3683796
Guatemala,GTM,2001,3.4499445,4.35419
Guatemala,GTM,2002,3.41,4.34
Guatemala,GTM,2003,3.355,4.31
Guatemala,GTM,2004,3.3000002,4.2799997
Guatemala,GTM,2005,3.2450001,4.25
Guatemala,GTM,2006,3.19,4.22
Guatemala,GTM,2007,3.3666668,4.423333
Guatemala,GTM,2008,3.5433333,4.6266665
Guatemala,GTM,2009,3.72,4.83
Guatemala,GTM,2010,3.8966668,5.0333333
Guatemala,GTM,2011,4.0733333,5.2366667
Guatemala,GTM,2012,4.25,5.44
Guatemala,GTM,2013,4.45,5.42
Guatemala,GTM,2014,5.53,6.21
Guatemala,GTM,2015,4.43415,5.55638
Guatemala,GTM,2016,4.6356125,5.727285
Guatemala,GTM,2017,4.8370748,5.8981895
Guatemala,GTM,2018,5.0385375,6.0690947
Guatemala,GTM,2019,5.24,6.24
Guatemala,GTM,2020,5.275063,6.31586
Guatemala,GTM,2021,5.310127,6.39172
Guatemala,GTM,2022,5.34519,6.46758
Guatemala,GTM,2023,5.34519,6.46758
Guinea,GIN,1990,0.68573856,2.0064516
Guinea,GIN,1991,0.68644696,2.0328274
Guinea,GIN,1992,0.6871561,2.05955
Guinea,GIN,1993,0.687866,2.0866241
Guinea,GIN,1994,0.6885766,2.114054
Guinea,GIN,1995,0.6892879,2.1418443
Guinea,GIN,1996,0.69,2.17
Guinea,GIN,1997,0.6907143,2.1992857
Guinea,GIN,1998,0.69142854,2.2285714
Guinea,GIN,1999,0.69214284,2.257857
Guinea,GIN,2000,0.69285715,2.287143
Guinea,GIN,2001,0.69357145,2.3164287
Guinea,GIN,2002,0.6942857,2.3457143
Guinea,GIN,2003,0.695,2.375
Guinea,GIN,2004,0.6957143,2.4042857
Guinea,GIN,2005,0.69642854,2.4335713
Guinea,GIN,2006,0.69714284,2.462857
Guinea,GIN,2007,0.69785714,2.492143
Guinea,GIN,2008,0.69857144,2.5214286
Guinea,GIN,2009,0.6992857,2.5507143
Guinea,GIN,2010,0.7,2.58
Guinea,GIN,2011,0.78249997,2.6475
Guinea,GIN,2012,0.865,2.715
Guinea,GIN,2013,0.9475,2.7824998
Guinea,GIN,2014,1.03,2.85
Guinea,GIN,2015,1.3454399,3.6816099
Guinea,GIN,2016,1.66088,4.51322
Guinea,GIN,2017,1.4454399,3.84161
Guinea,GIN,2018,1.23,3.17
Guinea,GIN,2019,1.315857,3.3084018
Guinea,GIN,2020,1.4077072,3.4528463
Guinea,GIN,2021,1.5059687,3.603597
Guinea,GIN,2022,1.5059687,3.603597
Guinea,GIN,2023,1.5059687,3.603597
Guinea-Bissau,GNB,2005,1.2900527,3.2279816
Guinea-Bissau,GNB,2006,1.380873,3.383164
Guinea-Bissau,GNB,2007,1.4900624,3.568915
Guinea-Bissau,GNB,2008,1.5992517,3.754666
Guinea-Bissau,GNB,2009,1.7084411,3.940417
Guinea-Bissau,GNB,2010,1.8176305,4.126168
Guinea-Bissau,GNB,2011,1.9268199,4.311919
Guinea-Bissau,GNB,2012,2.0360093,4.49767
Guinea-Bissau,GNB,2013,2.1451986,4.683421
Guinea-Bissau,GNB,2014,2.254388,4.869172
Guinea-Bissau,GNB,2015,2.2975595,4.9079022
Guinea-Bissau,GNB,2016,2.3407311,4.9466324
Guinea-Bissau,GNB,2017,2.3839028,4.9853625
Guinea-Bissau,GNB,2018,2.4270744,5.0240927
Guinea-Bissau,GNB,2019,2.470246,5.062823
Guinea-Bissau,GNB,2020,2.470246,5.062823
Guinea-Bissau,GNB,2021,2.470246,5.062823
Guinea-Bissau,GNB,2022,2.470246,5.062823
Guinea-Bissau,GNB,2023,2.470246,5.062823
Guyana,GUY,1990,5.0543475,5.573496
Guyana,GUY,1991,5.1457005,5.614417
Guyana,GUY,1992,5.237053,5.655339
Guyana,GUY,1993,5.328406,5.69626
Guyana,GUY,1994,5.4197583,5.7371817
Guyana,GUY,1995,5.511111,5.778103
Guyana,GUY,1996,5.6249275,5.81084
Guyana,GUY,1997,5.738744,5.8435774
Guyana,GUY,1998,5.85256,5.876314
Guyana,GUY,1999,5.966377,5.9090514
Guyana,GUY,2000,6.080193,5.9417887
Guyana,GUY,2001,6.1400967,5.9908943
Guyana,GUY,2002,6.2,6.04
Guyana,GUY,2003,6.3437114,6.1819425
Guyana,GUY,2004,6.4874234,6.3238845
Guyana,GUY,2005,6.631135,6.465827
Guyana,GUY,2006,6.774847,6.6077695
Guyana,GUY,2007,6.9185586,6.749712
Guyana,GUY,2008,7.06227,6.891654
Guyana,GUY,2009,7.205982,7.0335965
Guyana,GUY,2010,7.349694,7.175539
Guyana,GUY,2011,7.493406,7.317481
Guyana,GUY,2012,7.6371174,7.4594235
Guyana,GUY,2013,7.7808294,7.601366
Guyana,GUY,2014,7.924541,7.743308
Guyana,GUY,2015,8.068253,7.8852506
Guyana,GUY,2016,8.211965,8.027193
Guyana,GUY,2017,8.355677,8.169135
Guyana,GUY,2018,8.499388,8.311078
Guyana,GUY,2019,8.6431,8.45302
Guyana,GUY,2020,8.703121,8.529076
Guyana,GUY,2021,8.763143,8.624688
Guyana,GUY,2022,8.763143,8.624688
Guyana,GUY,2023,8.763143,8.624688
Haiti,HTI,1990,1.927891,3.4723206
Haiti,HTI,1991,2.00895,3.5938978
Haiti,HTI,1992,2.090009,3.715475
Haiti,HTI,1993,2.1710682,3.8370523
Haiti,HTI,1994,2.2521272,3.9586296
Haiti,HTI,1995,2.3331861,4.080207
Haiti,HTI,1996,2.4251993,4.194416
Haiti,HTI,1997,2.5172122,4.3086247
Haiti,HTI,1998,2.6092253,4.422834
Haiti,HTI,1999,2.7012382,4.5370426
Haiti,HTI,2000,2.793251,4.651252
Haiti,HTI,2001,2.8786917,4.7525663
Haiti,HTI,2002,2.9641323,4.8538804
Haiti,HTI,2003,3.049573,4.955195
Haiti,HTI,2004,3.1350136,5.0565095
Haiti,HTI,2005,3.2204542,5.1578236
Haiti,HTI,2006,3.2511253,5.262822
Haiti,HTI,2007,3.2817962,5.3678207
Haiti,HTI,2008,3.312467,5.4728193
Haiti,HTI,2009,3.3431382,5.577818
Haiti,HTI,2010,3.373809,5.6828165
Haiti,HTI,2011,3.610414,5.7546577
Haiti,HTI,2012,3.8470187,5.8264985
Haiti,HTI,2013,4.0836234,5.8983397
Haiti,HTI,2014,4.3202286,5.970181
Haiti,HTI,2015,4.5568333,6.042022
Haiti,HTI,2016,4.6641817,6.089916
Haiti,HTI,2017,4.77153,6.13781
Haiti,HTI,2018,4.77153,6.13781
Haiti,HTI,2019,4.77153,6.13781
Haiti,HTI,2020,4.77153,6.13781
Haiti,HTI,2021,4.77153,6.13781
Haiti,HTI,2022,4.77153,6.13781
Haiti,HTI,2023,4.77153,6.13781
High human development (UNDP),,1990,4.2142696,4.999954
High human development (UNDP),,1991,4.3899508,5.186243
High human development (UNDP),,1992,4.566395,5.372307
High human development (UNDP),,1993,4.741535,5.559946
High human development (UNDP),,1994,4.9176083,5.741932
High human development (UNDP),,1995,5.1167846,5.9461603
High human development (UNDP),,1996,5.280754,6.1232877
High human development (UNDP),,1997,5.4385624,6.2981873
High human development (UNDP),,1998,5.5967383,6.4762306
High human development (UNDP),,1999,5.755796,6.6548595
High human development (UNDP),,2000,5.947169,6.8613515
High human development (UNDP),,2001,6.0911813,6.9809036
High human development (UNDP),,2002,6.242987,7.1051188
High human development (UNDP),,2003,6.384428,7.2233667
High human development (UNDP),,2004,6.527682,7.3392625
High human development (UNDP),,2005,6.6452904,7.4330697
High human development (UNDP),,2006,6.765077,7.5354905
High human development (UNDP),,2007,6.8259706,7.598872
High human development (UNDP),,2008,6.9396863,7.6727757
High human development (UNDP),,2009,7.0749702,7.775048
High human development (UNDP),,2010,7.198792,7.849019
High human development (UNDP),,2011,7.280435,7.9719014
High human development (UNDP),,2012,7.3700447,8.111309
High human development (UNDP),,2013,7.4452653,8.219008
High human development (UNDP),,2014,7.5125303,8.325482
High human development (UNDP),,2015,7.5863585,8.444024
High human development (UNDP),,2016,7.6688533,8.5649805
High human development (UNDP),,2017,7.743971,8.693948
High human development (UNDP),,2018,7.81645,8.818459
High human development (UNDP),,2019,8.079829,8.78713
High human development (UNDP),,2020,8.344147,8.709912
High human development (UNDP),,2021,8.536061,8.804196
High human development (UNDP),,2022,8.559429,8.831941
High human development (UNDP),,2023,8.560165,8.833545
High-income countries,,1990,9.785169,10.505249
High-income countries,,1991,9.914372,10.621759
High-income countries,,1992,10.045503,10.7351885
High-income countries,,1993,10.177142,10.830784
High-income countries,,1994,10.305385,10.96429
High-income countries,,1995,10.415148,11.05523
High-income countries,,1996,10.541794,11.157204
High-income countries,,1997,10.66764,11.257766
High-income countries,,1998,10.791533,11.356959
High-income countries,,1999,10.913308,11.454441
High-income countries,,2000,11.044016,11.564548
High-income countries,,2001,11.150879,11.645687
High-income countries,,2002,11.249225,11.729031
High-income countries,,2003,11.350392,11.804819
High-income countries,,2004,11.448956,11.881835
High-income countries,,2005,11.518229,11.945169
High-income countries,,2006,11.60065,12.008661
High-income countries,,2007,11.680004,12.06647
High-income countries,,2008,11.750324,12.132997
High-income countries,,2009,11.818713,12.164782
High-income countries,,2010,11.899764,12.24298
High-income countries,,2011,11.957669,12.289371
High-income countries,,2012,12.033245,12.346878
High-income countries,,2013,12.06952,12.363458
High-income countries,,2014,12.124085,12.409394
High-income countries,,2015,12.199912,12.453265
High-income countries,,2016,12.2746315,12.505917
High-income countries,,2017,12.352641,12.558463
High-income countries,,2018,12.432297,12.622987
High-income countries,,2019,12.530222,12.699073
High-income countries,,2020,12.626561,12.775453
High-income countries,,2021,12.669054,12.790837
High-income countries,,2022,12.76327,12.876176
High-income countries,,2023,12.764197,12.876148
Honduras,HND,1990,3.879689,3.8484643
Honduras,HND,1991,3.9596453,3.9277768
Honduras,HND,1992,4.0396013,4.0070896
Honduras,HND,1993,4.1195574,4.086402
Honduras,HND,1994,4.1995134,4.1657147
Honduras,HND,1995,4.2794695,4.245027
Honduras,HND,1996,4.3467054,4.311722
Honduras,HND,1997,4.4139414,4.3784165
Honduras,HND,1998,4.4811773,4.4451113
Honduras,HND,1999,4.548413,4.511806
Honduras,HND,2000,4.6156487,4.5785007
Honduras,HND,2001,4.6828847,4.6451955
Honduras,HND,2002,4.7501206,4.71189
Honduras,HND,2003,4.817356,4.778585
Honduras,HND,2004,4.884592,4.8452797
Honduras,HND,2005,4.951828,4.9119744
Honduras,HND,2006,4.9609137,4.920987
Honduras,HND,2007,4.97,4.93
Honduras,HND,2008,5.1324997,5.0825
Honduras,HND,2009,5.295,5.2349997
Honduras,HND,2010,5.4575,5.3875
Honduras,HND,2011,5.62,5.54
Honduras,HND,2012,5.56,5.47
Honduras,HND,2013,5.9,5.785
Honduras,HND,2014,6.24,6.1
Honduras,HND,2015,6.4,6.16
Honduras,HND,2016,6.56,6.49
Honduras,HND,2017,6.4700003,6.33
Honduras,HND,2018,6.38,6.17
Honduras,HND,2019,6.76,7.43
Honduras,HND,2020,6.8716383,7.7534895
Honduras,HND,2021,6.9851193,8.0910635
Honduras,HND,2022,6.9851193,8.0910635
Honduras,HND,2023,6.9851193,8.0910635
Hong Kong,HKG,1990,7.762116,9.562282
Hong Kong,HKG,1991,7.98,9.71
Hong Kong,HKG,1992,8.204,9.86
Hong Kong,HKG,1993,8.428,10.01
Hong Kong,HKG,1994,8.652,10.16
Hong Kong,HKG,1995,8.876,10.31
Hong Kong,HKG,1996,9.1,10.46
Hong Kong,HKG,1997,9.239,10.5720005
Hong Kong,HKG,1998,9.378,10.684
Hong Kong,HKG,1999,9.517,10.796
Hong Kong,HKG,2000,9.656,10.908
Hong Kong,HKG,2001,9.795,11.0199995
Hong Kong,HKG,2002,9.934,11.132
Hong Kong,HKG,2003,10.073,11.244
Hong Kong,HKG,2004,10.212,11.356
Hong Kong,HKG,2005,10.351,11.468
Hong Kong,HKG,2006,10.49,11.58
Hong Kong,HKG,2007,10.615,11.675
Hong Kong,HKG,2008,10.74,11.77
Hong Kong,HKG,2009,10.84,11.86
Hong Kong,HKG,2010,10.97,11.93
Hong Kong,HKG,2011,11.17,12.15
Hong Kong,HKG,2012,11.273334,12.226666
Hong Kong,HKG,2013,11.376666,12.303333
Hong Kong,HKG,2014,11.48,12.38
Hong Kong,HKG,2015,11.62,12.53
Hong Kong,HKG,2016,11.7,12.594999
Hong Kong,HKG,2017,11.78,12.66
Hong Kong,HKG,2018,11.815001,12.684999
Hong Kong,HKG,2019,11.85,12.71
Hong Kong,HKG,2020,11.900001,12.736667
Hong Kong,HKG,2021,11.95,12.763333
Hong Kong,HKG,2022,12,12.79
Hong Kong,HKG,2023,12,12.79
Hungary,HUN,1990,9.1,9.92
Hungary,HUN,1991,9.162727,9.998182
Hungary,HUN,1992,9.225455,10.076364
Hungary,HUN,1993,9.288182,10.154546
Hungary,HUN,1994,9.350909,10.232727
Hungary,HUN,1995,9.413636,10.310909
Hungary,HUN,1996,9.476364,10.389091
Hungary,HUN,1997,9.539091,10.467273
Hungary,HUN,1998,9.601818,10.545454
Hungary,HUN,1999,9.664545,10.623636
Hungary,HUN,2000,9.727273,10.7018175
Hungary,HUN,2001,9.79,10.78
Hungary,HUN,2002,9.95,10.912499
Hungary,HUN,2003,10.11,11.045
Hungary,HUN,2004,10.27,11.177501
Hungary,HUN,2005,10.43,11.31
Hungary,HUN,2006,10.735,11.4800005
Hungary,HUN,2007,11.04,11.650001
Hungary,HUN,2008,11.344999,11.82
Hungary,HUN,2009,11.65,11.99
Hungary,HUN,2010,11.73,12.05
Hungary,HUN,2011,11.79,12.07
Hungary,HUN,2012,11.72,11.97
Hungary,HUN,2013,11.89,12.14
Hungary,HUN,2014,11.55,12.03
Hungary,HUN,2015,11.64,12.09
Hungary,HUN,2016,11.68,12.13
Hungary,HUN,2017,11.785,12.2025
Hungary,HUN,2018,11.89,12.275001
Hungary,HUN,2019,11.995,12.3475
Hungary,HUN,2020,12.1,12.42
Hungary,HUN,2021,12.194188,12.48708
Hungary,HUN,2022,12.194188,12.48708
Hungary,HUN,2023,12.194188,12.48708
Iceland,ISL,1990,10.303232,10.741636
Iceland,ISL,1991,10.436099,10.841618
Iceland,ISL,1992,10.568966,10.9416
Iceland,ISL,1993,10.701833,11.041581
Iceland,ISL,1994,10.8347,11.141563
Iceland,ISL,1995,10.9675665,11.241545
Iceland,ISL,1996,11.090771,11.374854
Iceland,ISL,1997,11.213975,11.508163
Iceland,ISL,1998,11.337178,11.641473
Iceland,ISL,1999,11.460382,11.774781
Iceland,ISL,2000,11.583587,11.908091
Iceland,ISL,2001,11.718869,12.064472
Iceland,ISL,2002,11.854152,12.220854
Iceland,ISL,2003,11.989434,12.377236
Iceland,ISL,2004,12.124718,12.533618
Iceland,ISL,2005,12.26,12.69
Iceland,ISL,2006,12.375714,12.753571
Iceland,ISL,2007,12.491428,12.8171425
Iceland,ISL,2008,12.607143,12.880714
Iceland,ISL,2009,12.722857,12.944285
Iceland,ISL,2010,12.838572,13.007857
Iceland,ISL,2011,12.954286,13.071428
Iceland,ISL,2012,13.07,13.134999
Iceland,ISL,2013,13.185715,13.198571
Iceland,ISL,2014,13.301429,13.262143
Iceland,ISL,2015,13.417143,13.325714
Iceland,ISL,2016,13.532857,13.389285
Iceland,ISL,2017,13.648572,13.452857
Iceland,ISL,2018,13.764286,13.516428
Iceland,ISL,2019,13.88,13.58
Iceland,ISL,2020,13.87,13.67
Iceland,ISL,2021,13.991489,13.826582
Iceland,ISL,2022,13.991489,13.826582
Iceland,ISL,2023,13.991489,13.826582
India,IND,1990,1.7951012,3.622845
India,IND,1991,1.8433905,3.7826762
India,IND,1992,1.8916798,3.9425075
India,IND,1993,1.939969,4.102339
India,IND,1994,1.9882582,4.2621703
India,IND,1995,2.0365474,4.422002
India,IND,1996,2.2989893,4.6351104
India,IND,1997,2.561431,4.848219
India,IND,1998,2.8238726,5.0613275
India,IND,1999,3.0863142,5.274436
India,IND,2000,3.348756,5.4875445
India,IND,2001,3.2878695,5.569236
India,IND,2002,3.226983,5.6509275
India,IND,2003,3.1660967,5.7326193
India,IND,2004,3.10521,5.8143106
India,IND,2005,3.0443237,5.8960023
India,IND,2006,3.1828928,5.9865737
India,IND,2007,3.3214622,6.0771446
India,IND,2008,3.4600313,6.1677155
India,IND,2009,3.5986004,6.258287
India,IND,2010,3.7371697,6.348858
India,IND,2011,4.05,6.53
India,IND,2012,4.1287704,6.655962
India,IND,2013,4.20754,6.7819242
India,IND,2014,4.28631,6.907886
India,IND,2015,4.36508,7.0338483
India,IND,2016,4.44385,7.15981
India,IND,2017,4.741925,7.289905
India,IND,2018,5.04,7.42
India,IND,2019,5.0297,7.60066
India,IND,2020,5.37,7.64
India,IND,2021,5.4500003,7.6349998
India,IND,2022,5.53,7.63
India,IND,2023,5.83,7.96
Indonesia,IDN,1990,2.46,4
Indonesia,IDN,1991,2.74625,4.24375
Indonesia,IDN,1992,3.0325,4.4875
Indonesia,IDN,1993,3.3187501,4.73125
Indonesia,IDN,1994,3.605,4.975
Indonesia,IDN,1995,3.89125,5.21875
Indonesia,IDN,1996,4.1775002,5.4625
Indonesia,IDN,1997,4.46375,5.70625
Indonesia,IDN,1998,4.75,5.9500003
Indonesia,IDN,1999,5.03625,6.19375
Indonesia,IDN,2000,5.3224998,6.4375
Indonesia,IDN,2001,5.60875,6.68125
Indonesia,IDN,2002,5.895,6.925
Indonesia,IDN,2003,6.18125,7.1687503
Indonesia,IDN,2004,6.4674997,7.4125
Indonesia,IDN,2005,6.75375,7.65625
Indonesia,IDN,2006,7.04,7.9
Indonesia,IDN,2007,6.39,7.68
Indonesia,IDN,2008,6.51,7.66
Indonesia,IDN,2009,6.76,7.91
Indonesia,IDN,2010,6.88,7.975
Indonesia,IDN,2011,7,8.04
Indonesia,IDN,2012,7.11,8.116667
Indonesia,IDN,2013,7.22,8.193334
Indonesia,IDN,2014,7.33,8.27
Indonesia,IDN,2015,7.45,8.39
Indonesia,IDN,2016,7.57,8.39
Indonesia,IDN,2017,7.77642,8.73893
Indonesia,IDN,2018,7.76,8.57
Indonesia,IDN,2019,7.985,8.74
Indonesia,IDN,2020,8.21,8.91
Indonesia,IDN,2021,8.371634,9.019673
Indonesia,IDN,2022,8.371634,9.019673
Indonesia,IDN,2023,8.371634,9.019673
Iran,IRN,1990,4.604565,6.7577076
Iran,IRN,1991,4.9006786,7.019459
Iran,IRN,1992,5.196792,7.28121
Iran,IRN,1993,5.4929056,7.542961
Iran,IRN,1994,5.7890196,7.804712
Iran,IRN,1995,6.085133,8.066463
Iran,IRN,1996,6.4404693,8.250193
Iran,IRN,1997,6.7958055,8.433921
Iran,IRN,1998,7.1511416,8.61765
Iran,IRN,1999,7.506478,8.801379
Iran,IRN,2000,7.861814,8.985108
Iran,IRN,2001,8.116471,9.171354
Iran,IRN,2002,8.371129,9.3576
Iran,IRN,2003,8.625787,9.543846
Iran,IRN,2004,8.880445,9.730092
Iran,IRN,2005,9.135102,9.916338
Iran,IRN,2006,9.6,10.09
Iran,IRN,2007,9.4,9.820001
Iran,IRN,2008,9.2,9.55
Iran,IRN,2009,9.395,9.68
Iran,IRN,2010,9.59,9.81
Iran,IRN,2011,9.66,9.92
Iran,IRN,2012,9.73,10.03
Iran,IRN,2013,9.92,10.15
Iran,IRN,2014,10.02,10.2
Iran,IRN,2015,10.135,10.285
Iran,IRN,2016,10.25,10.37
Iran,IRN,2017,10.37234,10.462452
Iran,IRN,2018,10.4961405,10.555728
Iran,IRN,2019,10.621419,10.649837
Iran,IRN,2020,10.748192,10.726168
Iran,IRN,2021,10.876478,10.840576
Iran,IRN,2022,10.876478,10.840576
Iran,IRN,2023,10.876478,10.840576
Iraq,IRQ,1990,3.4531898,6.505851
Iraq,IRQ,1991,3.5196323,6.5663943
Iraq,IRQ,1992,3.5873535,6.627501
Iraq,IRQ,1993,3.6563776,6.6891766
Iraq,IRQ,1994,3.7267299,6.7514257
Iraq,IRQ,1995,3.7984357,6.8142543
Iraq,IRQ,1996,3.8715212,6.877668
Iraq,IRQ,1997,3.946013,6.9416714
Iraq,IRQ,1998,4.021938,7.0062704
Iraq,IRQ,1999,4.0993237,7.0714707
Iraq,IRQ,2000,4.178199,7.1372776
Iraq,IRQ,2001,4.2617445,7.2049446
Iraq,IRQ,2002,4.34529,7.2726116
Iraq,IRQ,2003,4.428836,7.3402786
Iraq,IRQ,2004,4.5123816,7.4079456
Iraq,IRQ,2005,4.5959272,7.4756126
Iraq,IRQ,2006,4.679473,7.54328
Iraq,IRQ,2007,4.7834263,7.599683
Iraq,IRQ,2008,4.8873796,7.656086
Iraq,IRQ,2009,4.9913325,7.712489
Iraq,IRQ,2010,5.095286,7.768892
Iraq,IRQ,2011,5.1992393,7.825295
Iraq,IRQ,2012,5.234198,7.846517
Iraq,IRQ,2013,5.269157,7.867739
Iraq,IRQ,2014,5.3041153,7.8889613
Iraq,IRQ,2015,5.339074,7.9101834
Iraq,IRQ,2016,5.374033,7.9314055
Iraq,IRQ,2017,5.4089913,7.9526277
Iraq,IRQ,2018,5.44395,7.97385
Iraq,IRQ,2019,5.4795985,7.995243
Iraq,IRQ,2020,5.5154805,8.016694
Iraq,IRQ,2021,5.551597,8.038201
Iraq,IRQ,2022,5.551597,8.038201
Iraq,IRQ,2023,5.551597,8.038201
Ireland,IRL,1990,9.161088,9.103102
Ireland,IRL,1991,9.31,9.23
Ireland,IRL,1992,9.461333,9.358666
Ireland,IRL,1993,9.612667,9.487333
Ireland,IRL,1994,9.764,9.615999
Ireland,IRL,1995,9.915334,9.744666
Ireland,IRL,1996,10.066667,9.873333
Ireland,IRL,1997,10.218,10.002
Ireland,IRL,1998,10.369333,10.130667
Ireland,IRL,1999,10.520667,10.259333
Ireland,IRL,2000,10.672,10.388
Ireland,IRL,2001,10.823334,10.516666
Ireland,IRL,2002,10.974667,10.645333
Ireland,IRL,2003,11.126,10.774
Ireland,IRL,2004,11.277333,10.902666
Ireland,IRL,2005,11.428667,11.031333
Ireland,IRL,2006,11.58,11.16
Ireland,IRL,2007,11.53,11.16
Ireland,IRL,2008,11.586666,11.25
Ireland,IRL,2009,11.643333,11.34
Ireland,IRL,2010,11.7,11.43
Ireland,IRL,2011,11.17,10.82
Ireland,IRL,2012,11.246667,10.888333
Ireland,IRL,2013,11.323334,10.956666
Ireland,IRL,2014,11.400001,11.025
Ireland,IRL,2015,11.476666,11.093333
Ireland,IRL,2016,11.553333,11.161666
Ireland,IRL,2017,11.63,11.23
Ireland,IRL,2018,11.7082205,11.299609
Ireland,IRL,2019,11.786967,11.36965
Ireland,IRL,2020,11.866243,11.4401245
Ireland,IRL,2021,11.946053,11.511036
Ireland,IRL,2022,11.946053,11.511036
Ireland,IRL,2023,11.946053,11.511036
Israel,ISR,1990,8.969668,11.642942
Israel,ISR,1991,9.051363,11.692312
Israel,ISR,1992,9.133057,11.741682
Israel,ISR,1993,9.21475,11.791051
Israel,ISR,1994,9.296445,11.840421
Israel,ISR,1995,9.378139,11.88979
Israel,ISR,1996,9.459832,11.951502
Israel,ISR,1997,9.541527,12.013213
Israel,ISR,1998,9.62322,12.074924
Israel,ISR,1999,9.704915,12.136637
Israel,ISR,2000,9.786609,12.198348
Israel,ISR,2001,9.829956,12.231261
Israel,ISR,2002,9.873304,12.264174
Israel,ISR,2003,9.916652,12.297087
Israel,ISR,2004,9.96,12.33
Israel,ISR,2005,10.844999,12.08
Israel,ISR,2006,11.73,11.83
Israel,ISR,2007,12.34,12.43
Israel,ISR,2008,12.39,12.46
Israel,ISR,2009,12.44,12.49
Israel,ISR,2010,12.46,12.54
Israel,ISR,2011,12.55,12.65
Israel,ISR,2012,12.66,12.72
Israel,ISR,2013,12.78,12.83
Israel,ISR,2014,12.91,12.92
Israel,ISR,2015,12.96,12.96
Israel,ISR,2016,13.062415,13.045702
Israel,ISR,2017,13.165639,13.131971
Israel,ISR,2018,13.269678,13.21881
Israel,ISR,2019,13.37454,13.306224
Israel,ISR,2020,13.480231,13.394216
Israel,ISR,2021,13.586757,13.482789
Israel,ISR,2022,13.586757,13.482789
Israel,ISR,2023,13.586757,13.482789
Italy,ITA,1990,7.0197225,7.939305
Italy,ITA,1991,7.1574445,8.059258
Italy,ITA,1992,7.295167,8.179212
Italy,ITA,1993,7.432889,8.299166
Italy,ITA,1994,7.5706115,8.419119
Italy,ITA,1995,7.7083335,8.539073
Italy,ITA,1996,7.8522224,8.656994
Italy,ITA,1997,7.9961114,8.774914
Italy,ITA,1998,8.14,8.892835
Italy,ITA,1999,8.283889,9.010755
Italy,ITA,2000,8.427778,9.128675
Italy,ITA,2001,8.51,9.21
Italy,ITA,2002,8.610001,9.325
Italy,ITA,2003,8.71,9.44
Italy,ITA,2004,8.81,9.555
Italy,ITA,2005,8.91,9.67
Italy,ITA,2006,9.05,9.76
Italy,ITA,2007,9.22,9.88
Italy,ITA,2008,9.36,9.97
Italy,ITA,2009,9.44,10.05
Italy,ITA,2010,9.54,10.13
Italy,ITA,2011,9.64,10.18
Italy,ITA,2012,9.79,10.28
Italy,ITA,2013,9.895,10.37
Italy,ITA,2014,10,10.46
Italy,ITA,2015,10.11,10.52
Italy,ITA,2016,10.21,10.594001
Italy,ITA,2017,10.309999,10.668
Italy,ITA,2018,10.41,10.742001
Italy,ITA,2019,10.509999,10.816
Italy,ITA,2020,10.61,10.89
Italy,ITA,2021,10.712929,10.965548
Italy,ITA,2022,10.712929,10.965548
Italy,ITA,2023,10.712929,10.965548
Jamaica,JAM,1990,6.7504673,6.605137
Jamaica,JAM,1991,6.85,6.67
Jamaica,JAM,1992,6.9509997,6.7355
Jamaica,JAM,1993,7.052,6.801
Jamaica,JAM,1994,7.153,6.8665
Jamaica,JAM,1995,7.2539997,6.932
Jamaica,JAM,1996,7.355,6.9975
Jamaica,JAM,1997,7.456,7.063
Jamaica,JAM,1998,7.5569997,7.1285
Jamaica,JAM,1999,7.658,7.1940002
Jamaica,JAM,2000,7.759,7.2595
Jamaica,JAM,2001,7.8599997,7.3250003
Jamaica,JAM,2002,7.961,7.3905
Jamaica,JAM,2003,8.062,7.456
Jamaica,JAM,2004,8.163,7.5215
Jamaica,JAM,2005,8.264,7.587
Jamaica,JAM,2006,8.365,7.6525
Jamaica,JAM,2007,8.466,7.718
Jamaica,JAM,2008,8.566999,7.7835
Jamaica,JAM,2009,8.668,7.849
Jamaica,JAM,2010,8.769,7.9145
Jamaica,JAM,2011,8.87,7.98
Jamaica,JAM,2012,8.992884,8.129811
Jamaica,JAM,2013,9.1157675,8.279622
Jamaica,JAM,2014,9.23865,8.429433
Jamaica,JAM,2015,9.361534,8.579244
Jamaica,JAM,2016,9.484418,8.729054
Jamaica,JAM,2017,9.607302,8.878865
Jamaica,JAM,2018,9.7301855,9.028676
Jamaica,JAM,2019,9.853069,9.178488
Jamaica,JAM,2020,9.975952,9.328299
Jamaica,JAM,2021,10.098836,9.478109
Jamaica,JAM,2022,10.22172,9.62792
Jamaica,JAM,2023,10.22172,9.62792
Japan,JPN,1990,11.34,11.96
Japan,JPN,1991,11.3835,12.0065
Japan,JPN,1992,11.427,12.053
Japan,JPN,1993,11.4705,12.0995
Japan,JPN,1994,11.514,12.146
Japan,JPN,1995,11.5575,12.1925
Japan,JPN,1996,11.601,12.239
Japan,JPN,1997,11.6445,12.285501
Japan,JPN,1998,11.688,12.332
Japan,JPN,1999,11.7315,12.3785
Japan,JPN,2000,11.775001,12.425
Japan,JPN,2001,11.8185005,12.4715
Japan,JPN,2002,11.862,12.518001
Japan,JPN,2003,11.9055,12.5645
Japan,JPN,2004,11.949,12.611
Japan,JPN,2005,11.9925,12.6575
Japan,JPN,2006,12.036,12.704
Japan,JPN,2007,12.0795,12.750501
Japan,JPN,2008,12.123,12.797
Japan,JPN,2009,12.1665,12.8435
Japan,JPN,2010,12.21,12.89
Japan,JPN,2011,12.224,12.903
Japan,JPN,2012,12.238,12.916
Japan,JPN,2013,12.252,12.929001
Japan,JPN,2014,12.266,12.942
Japan,JPN,2015,12.280001,12.955
Japan,JPN,2016,12.294001,12.968
Japan,JPN,2017,12.308001,12.981
Japan,JPN,2018,12.3220005,12.994
Japan,JPN,2019,12.336,13.007001
Japan,JPN,2020,12.35,13.02
Japan,JPN,2021,12.364048,13.033039
Japan,JPN,2022,12.364048,13.033039
Japan,JPN,2023,12.364048,13.033039
Jordan,JOR,1990,3.9780912,5.9444003
Jordan,JOR,1991,4.3365335,6.149132
Jordan,JOR,1992,4.6949763,6.3538637
Jordan,JOR,1993,5.053419,6.558595
Jordan,JOR,1994,5.4118614,6.7633266
Jordan,JOR,1995,5.770304,6.9680586
Jordan,JOR,1996,5.996144,7.1368723
Jordan,JOR,1997,6.2219834,7.305686
Jordan,JOR,1998,6.4478226,7.4744997
Jordan,JOR,1999,6.673662,7.6433134
Jordan,JOR,2000,6.899502,7.812127
Jordan,JOR,2001,7.0963345,7.918085
Jordan,JOR,2002,7.293167,8.024042
Jordan,JOR,2003,7.49,8.13
Jordan,JOR,2004,7.776,8.53
Jordan,JOR,2005,8.062,8.93
Jordan,JOR,2006,8.348,9.33
Jordan,JOR,2007,8.634,9.7300005
Jordan,JOR,2008,8.92,10.13
Jordan,JOR,2009,8.95,10.165
Jordan,JOR,2010,8.98,10.2
Jordan,JOR,2011,9.177364,10.31915
Jordan,JOR,2012,9.374728,10.4383
Jordan,JOR,2013,9.572093,10.55745
Jordan,JOR,2014,9.769457,10.6765995
Jordan,JOR,2015,9.966822,10.79575
Jordan,JOR,2016,10.164186,10.9149
Jordan,JOR,2017,10.36155,11.03405
Jordan,JOR,2018,10.01,10.7
Jordan,JOR,2019,10.04,10.7699995
Jordan,JOR,2020,10.07,10.84
Jordan,JOR,2021,9.9366665,10.85
Jordan,JOR,2022,9.803333,10.86
Jordan,JOR,2023,9.67,10.87
Kazakhstan,KAZ,1990,7.1268554,7.961375
Kazakhstan,KAZ,1991,7.379167,8.15326
Kazakhstan,KAZ,1992,7.6314783,8.345144
Kazakhstan,KAZ,1993,7.8837895,8.537029
Kazakhstan,KAZ,1994,8.136101,8.728914
Kazakhstan,KAZ,1995,8.388412,8.920799
Kazakhstan,KAZ,1996,8.6313095,9.125599
Kazakhstan,KAZ,1997,8.874207,9.3303995
Kazakhstan,KAZ,1998,9.117103,9.535199
Kazakhstan,KAZ,1999,9.36,9.74
Kazakhstan,KAZ,2000,9.64625,9.945
Kazakhstan,KAZ,2001,9.9325,10.15
Kazakhstan,KAZ,2002,10.21875,10.355
Kazakhstan,KAZ,2003,10.505,10.559999
Kazakhstan,KAZ,2004,10.791249,10.765
Kazakhstan,KAZ,2005,11.077499,10.97
Kazakhstan,KAZ,2006,11.3637495,11.175
Kazakhstan,KAZ,2007,11.65,11.38
Kazakhstan,KAZ,2008,11.34,11.190001
Kazakhstan,KAZ,2009,11.03,11
Kazakhstan,KAZ,2010,11.200334,11.15572
Kazakhstan,KAZ,2011,11.3706665,11.31144
Kazakhstan,KAZ,2012,11.541,11.46716
Kazakhstan,KAZ,2013,11.711333,11.62288
Kazakhstan,KAZ,2014,11.881666,11.778601
Kazakhstan,KAZ,2015,12.052,11.93432
Kazakhstan,KAZ,2016,12.114667,12.016213
Kazakhstan,KAZ,2017,12.177333,12.098107
Kazakhstan,KAZ,2018,12.24,12.18
Kazakhstan,KAZ,2019,12.348688,12.29465
Kazakhstan,KAZ,2020,12.458342,12.410378
Kazakhstan,KAZ,2021,12.568968,12.527197
Kazakhstan,KAZ,2022,12.568968,12.527197
Kazakhstan,KAZ,2023,12.568968,12.527197
Kenya,KEN,1990,2.5146775,4.9596343
Kenya,KEN,1991,2.6856358,5.114066
Kenya,KEN,1992,2.856594,5.268498
Kenya,KEN,1993,3.0275526,5.4229293
Kenya,KEN,1994,3.198511,5.577361
Kenya,KEN,1995,3.3694692,5.731793
Kenya,KEN,1996,3.514585,5.868406
Kenya,KEN,1997,3.6597006,6.005018
Kenya,KEN,1998,3.8048165,6.141631
Kenya,KEN,1999,3.9499323,6.2782435
Kenya,KEN,2000,4.095048,6.4148564
Kenya,KEN,2001,4.212333,6.5118713
Kenya,KEN,2002,4.329619,6.608886
Kenya,KEN,2003,4.446904,6.7059007
Kenya,KEN,2004,4.5641894,6.8029156
Kenya,KEN,2005,4.6814747,6.8999305
Kenya,KEN,2006,4.906106,6.947448
Kenya,KEN,2007,5.1307373,6.994965
Kenya,KEN,2008,5.3553686,7.042483
Kenya,KEN,2009,5.58,7.09
Kenya,KEN,2010,5.28,6.31
Kenya,KEN,2011,5.5013237,6.583901
Kenya,KEN,2012,5.7226467,6.8578024
Kenya,KEN,2013,5.94397,7.1317034
Kenya,KEN,2014,6.1652937,7.4056044
Kenya,KEN,2015,6.3866167,7.679506
Kenya,KEN,2016,6.60794,7.953407
Kenya,KEN,2017,6.8292637,8.227308
Kenya,KEN,2018,7.0505867,8.501209
Kenya,KEN,2019,7.27191,8.77511
Kenya,KEN,2020,7.1096,8.34294
Kenya,KEN,2021,7.5539603,8.845445
Kenya,KEN,2022,7.99832,9.34795
Kenya,KEN,2023,7.99832,9.34795
Kiribati,KIR,2000,7.064259,8.017808
Kiribati,KIR,2001,7.168508,8.071416
Kiribati,KIR,2002,7.274051,8.125381
Kiribati,KIR,2003,7.380903,8.179709
Kiribati,KIR,2004,7.489078,8.2344
Kiribati,KIR,2005,7.5985923,8.289455
Kiribati,KIR,2006,7.7094607,8.344879
Kiribati,KIR,2007,7.821699,8.400674
Kiribati,KIR,2008,7.935323,8.456841
Kiribati,KIR,2009,8.050349,8.513385
Kiribati,KIR,2010,8.166793,8.570307
Kiribati,KIR,2011,8.28467,8.627608
Kiribati,KIR,2012,8.403998,8.685293
Kiribati,KIR,2013,8.524793,8.743364
Kiribati,KIR,2014,8.645588,8.8014345
Kiribati,KIR,2015,8.766382,8.859506
Kiribati,KIR,2016,8.887177,8.917577
Kiribati,KIR,2017,9.007972,8.975647
Kiribati,KIR,2018,9.09419,8.97213
Kiribati,KIR,2019,9.19737,8.968613
Kiribati,KIR,2020,9.292068,8.9650955
Kiribati,KIR,2021,9.292068,8.9650955
Kiribati,KIR,2022,9.292068,8.9650955
Kiribati,KIR,2023,9.292068,8.9650955
Kuwait,KWT,1990,5.4179907,5.795947
Kuwait,KWT,1991,5.4321423,5.849863
Kuwait,KWT,1992,5.446294,5.903779
Kuwait,KWT,1993,5.460445,5.9576945
Kuwait,KWT,1994,5.4745965,6.0116105
Kuwait,KWT,1995,5.488748,6.065526
Kuwait,KWT,1996,5.6201544,6.107
Kuwait,KWT,1997,5.751561,6.1484737
Kuwait,KWT,1998,5.8829675,6.189947
Kuwait,KWT,1999,6.014374,6.231421
Kuwait,KWT,2000,6.1457806,6.2728944
Kuwait,KWT,2001,6.224624,6.159128
Kuwait,KWT,2002,6.303468,6.1277366
Kuwait,KWT,2003,6.3823123,6.0551577
Kuwait,KWT,2004,6.461156,5.9825788
Kuwait,KWT,2005,6.54,5.91
Kuwait,KWT,2006,6.69,5.88
Kuwait,KWT,2007,6.68,6
Kuwait,KWT,2008,7.03,6.14
Kuwait,KWT,2009,7.1200004,6.4049997
Kuwait,KWT,2010,7.21,6.67
Kuwait,KWT,2011,7.2999997,6.935
Kuwait,KWT,2012,7.39,7.2
Kuwait,KWT,2013,7.28,6.35
Kuwait,KWT,2014,7.455,6.56
Kuwait,KWT,2015,7.63,6.77
Kuwait,KWT,2016,7.7599998,6.7999997
Kuwait,KWT,2017,7.89,6.83
Kuwait,KWT,2018,7.98,6.83
Kuwait,KWT,2019,8.127965,6.930983
Kuwait,KWT,2020,8.278674,7.033459
Kuwait,KWT,2021,8.432178,7.1374507
Kuwait,KWT,2022,8.432178,7.1374507
Kuwait,KWT,2023,8.432178,7.1374507
Kyrgyzstan,KGZ,1990,8.820772,9.724536
Kyrgyzstan,KGZ,1991,8.966158,9.808165
Kyrgyzstan,KGZ,1992,9.111544,9.891793
Kyrgyzstan,KGZ,1993,9.256928,9.975422
Kyrgyzstan,KGZ,1994,9.402314,10.0590515
Kyrgyzstan,KGZ,1995,9.5477,10.14268
Kyrgyzstan,KGZ,1996,9.708275,10.20701
Kyrgyzstan,KGZ,1997,9.86885,10.271339
Kyrgyzstan,KGZ,1998,10.029425,10.3356695
Kyrgyzstan,KGZ,1999,10.19,10.4
Kyrgyzstan,KGZ,2000,10.264,10.438999
Kyrgyzstan,KGZ,2001,10.337999,10.478
Kyrgyzstan,KGZ,2002,10.412,10.516999
Kyrgyzstan,KGZ,2003,10.486,10.556
Kyrgyzstan,KGZ,2004,10.559999,10.594999
Kyrgyzstan,KGZ,2005,10.634,10.629999
Kyrgyzstan,KGZ,2006,10.708,10.673
Kyrgyzstan,KGZ,2007,10.782001,10.712
Kyrgyzstan,KGZ,2008,10.856,10.751
Kyrgyzstan,KGZ,2009,10.93,10.79
Kyrgyzstan,KGZ,2010,11.016261,10.903666
Kyrgyzstan,KGZ,2011,11.102523,11.017331
Kyrgyzstan,KGZ,2012,11.188784,11.130997
Kyrgyzstan,KGZ,2013,11.275044,11.244662
Kyrgyzstan,KGZ,2014,11.361306,11.354838
Kyrgyzstan,KGZ,2015,11.447567,11.471993
Kyrgyzstan,KGZ,2016,11.533828,11.585659
Kyrgyzstan,KGZ,2017,11.62009,11.699325
Kyrgyzstan,KGZ,2018,11.70635,11.81299
Kyrgyzstan,KGZ,2019,11.794572,11.930058
Kyrgyzstan,KGZ,2020,11.883457,12.048285
Kyrgyzstan,KGZ,2021,11.973013,12.167684
Kyrgyzstan,KGZ,2022,11.973013,12.167684
Kyrgyzstan,KGZ,2023,11.973013,12.167684
Laos,LAO,1990,1.875558,5.176274
Laos,LAO,1991,1.9805115,5.2836156
Laos,LAO,1992,2.085465,5.390958
Laos,LAO,1993,2.1904185,5.4983
Laos,LAO,1994,2.295372,5.605642
Laos,LAO,1995,2.4003255,5.712984
Laos,LAO,1996,2.4838996,5.763077
Laos,LAO,1997,2.5674736,5.81317
Laos,LAO,1998,2.6510477,5.863263
Laos,LAO,1999,2.734622,5.913356
Laos,LAO,2000,2.818196,5.963449
Laos,LAO,2001,2.8998265,6.008771
Laos,LAO,2002,2.981457,6.0540934
Laos,LAO,2003,3.0630875,6.0994153
Laos,LAO,2004,3.144718,6.1447377
Laos,LAO,2005,3.2263484,6.19006
Laos,LAO,2006,3.3254712,6.2258406
Laos,LAO,2007,3.424594,6.2616215
Laos,LAO,2008,3.5237167,6.297402
Laos,LAO,2009,3.6228395,6.333183
Laos,LAO,2010,3.7219622,6.3689632
Laos,LAO,2011,3.8482952,6.435754
Laos,LAO,2012,3.9746282,6.502545
Laos,LAO,2013,4.100961,6.5693355
Laos,LAO,2014,4.227294,6.636126
Laos,LAO,2015,4.3536267,6.7029166
Laos,LAO,2016,4.4819036,6.7458534
Laos,LAO,2017,4.61018,6.78879
Laos,LAO,2018,4.7384562,6.831727
Laos,LAO,2019,4.866733,6.874664
Laos,LAO,2020,4.9950094,6.9176006
Laos,LAO,2021,5.140778,6.984391
Laos,LAO,2022,5.140778,6.984391
Laos,LAO,2023,5.140778,6.984391
Latin America and the Caribbean (UNDP),,1990,5.366147,5.6745625
Latin America and the Caribbean (UNDP),,1991,5.4803987,5.7738914
Latin America and the Caribbean (UNDP),,1992,5.59609,5.873823
Latin America and the Caribbean (UNDP),,1993,5.7104545,5.974522
Latin America and the Caribbean (UNDP),,1994,5.825266,6.0760374
Latin America and the Caribbean (UNDP),,1995,5.94024,6.177778
Latin America and the Caribbean (UNDP),,1996,6.0561833,6.287119
Latin America and the Caribbean (UNDP),,1997,6.1720243,6.397606
Latin America and the Caribbean (UNDP),,1998,6.2875805,6.5075183
Latin America and the Caribbean (UNDP),,1999,6.402868,6.6169486
Latin America and the Caribbean (UNDP),,2000,6.519329,6.7272363
Latin America and the Caribbean (UNDP),,2001,6.648887,6.861245
Latin America and the Caribbean (UNDP),,2002,6.798257,7.010807
Latin America and the Caribbean (UNDP),,2003,6.9475217,7.1614842
Latin America and the Caribbean (UNDP),,2004,7.058627,7.2730584
Latin America and the Caribbean (UNDP),,2005,7.170929,7.3337674
Latin America and the Caribbean (UNDP),,2006,7.2585425,7.4513903
Latin America and the Caribbean (UNDP),,2007,7.4249973,7.5961695
Latin America and the Caribbean (UNDP),,2008,7.557887,7.716544
Latin America and the Caribbean (UNDP),,2009,7.654457,7.7943435
Latin America and the Caribbean (UNDP),,2010,7.78419,7.8459277
Latin America and the Caribbean (UNDP),,2011,7.920373,7.984584
Latin America and the Caribbean (UNDP),,2012,8.106633,8.156811
Latin America and the Caribbean (UNDP),,2013,8.200314,8.189319
Latin America and the Caribbean (UNDP),,2014,8.309384,8.269312
Latin America and the Caribbean (UNDP),,2015,8.405982,8.36073
Latin America and the Caribbean (UNDP),,2016,8.56747,8.538364
Latin America and the Caribbean (UNDP),,2017,8.683932,8.626168
Latin America and the Caribbean (UNDP),,2018,8.80159,8.736089
Latin America and the Caribbean (UNDP),,2019,8.916712,8.853657
Latin America and the Caribbean (UNDP),,2020,9.03446,8.969739
Latin America and the Caribbean (UNDP),,2021,9.171496,9.097377
Latin America and the Caribbean (UNDP),,2022,9.167927,9.099853
Latin America and the Caribbean (UNDP),,2023,9.165646,9.098904
Latvia,LVA,1990,9.255602,9.044218
Latvia,LVA,1991,9.581263,9.36244
Latvia,LVA,1992,9.906922,9.680663
Latvia,LVA,1993,10.232583,9.998885
Latvia,LVA,1994,10.558243,10.317107
Latvia,LVA,1995,10.883903,10.63533
Latvia,LVA,1996,11.02592,10.774104
Latvia,LVA,1997,11.167937,10.912877
Latvia,LVA,1998,11.309955,11.051651
Latvia,LVA,1999,11.451971,11.190425
Latvia,LVA,2000,11.593988,11.329199
Latvia,LVA,2001,11.760491,11.491899
Latvia,LVA,2002,11.926994,11.654599
Latvia,LVA,2003,12.093497,11.817299
Latvia,LVA,2004,12.26,11.98
Latvia,LVA,2005,12.42,12.04
Latvia,LVA,2006,12.57,11.98
Latvia,LVA,2007,12.37,11.94
Latvia,LVA,2008,12.59,12.08
Latvia,LVA,2009,12.73,12.14
Latvia,LVA,2010,12.82,12.27
Latvia,LVA,2011,12.88,12.28
Latvia,LVA,2012,12.99,12.36
Latvia,LVA,2013,13.11,12.45
Latvia,LVA,2014,13.17,12.48
Latvia,LVA,2015,13.23,12.45
Latvia,LVA,2016,13.28,12.53
Latvia,LVA,2017,13.400001,12.665
Latvia,LVA,2018,13.52,12.8
Latvia,LVA,2019,13.57,12.89
Latvia,LVA,2020,13.651486,12.973751
Latvia,LVA,2021,13.733463,13.058045
Latvia,LVA,2022,13.733463,13.058045
Latvia,LVA,2023,13.733463,13.058045
Lebanon,LBN,2005,6.9656854,8.130321
Lebanon,LBN,2006,7.3521233,8.204819
Lebanon,LBN,2007,7.76,8.28
Lebanon,LBN,2008,8.24091,8.357272
Lebanon,LBN,2009,8.721818,8.4345455
Lebanon,LBN,2010,9.202727,8.511818
Lebanon,LBN,2011,9.683637,8.58909
Lebanon,LBN,2012,10.164546,8.666364
Lebanon,LBN,2013,10.645454,8.743636
Lebanon,LBN,2014,11.126364,8.8209095
Lebanon,LBN,2015,11.607273,8.898182
Lebanon,LBN,2016,12.088182,8.975454
Lebanon,LBN,2017,12.569091,9.052728
Lebanon,LBN,2018,13.05,9.13
Lebanon,LBN,2019,13.05,9.13
Lebanon,LBN,2020,13.05,9.13
Lebanon,LBN,2021,13.05,9.13
Lebanon,LBN,2022,13.05,9.13
Lebanon,LBN,2023,13.05,9.13
Lesotho,LSO,1990,4.580396,3.9125998
Lesotho,LSO,1991,4.674086,3.9889936
Lesotho,LSO,1992,4.767776,4.0653872
Lesotho,LSO,1993,4.861466,4.1417813
Lesotho,LSO,1994,4.955156,4.218175
Lesotho,LSO,1995,5.048846,4.2945685
Lesotho,LSO,1996,5.149476,4.383351
Lesotho,LSO,1997,5.250106,4.4721327
Lesotho,LSO,1998,5.3507357,4.5609145
Lesotho,LSO,1999,5.4513655,4.6496964
Lesotho,LSO,2000,5.5519958,4.7384787
Lesotho,LSO,2001,5.7654004,4.8396487
Lesotho,LSO,2002,5.978805,4.940819
Lesotho,LSO,2003,6.19221,5.041989
Lesotho,LSO,2004,6.405615,5.143159
Lesotho,LSO,2005,6.6190195,5.244329
Lesotho,LSO,2006,6.39,5.17
Lesotho,LSO,2007,6.2349997,5.0499997
Lesotho,LSO,2008,6.08,4.93
Lesotho,LSO,2009,6.253317,5.0842237
Lesotho,LSO,2010,6.426634,5.2384477
Lesotho,LSO,2011,6.599951,5.392672
Lesotho,LSO,2012,6.7732677,5.546896
Lesotho,LSO,2013,6.946585,5.70112
Lesotho,LSO,2014,7.119902,5.855344
Lesotho,LSO,2015,7.293219,6.0095677
Lesotho,LSO,2016,7.466536,6.163792
Lesotho,LSO,2017,7.639853,6.318016
Lesotho,LSO,2018,7.81317,6.47224
Lesotho,LSO,2019,7.9990535,6.638557
Lesotho,LSO,2020,8.189359,6.8091474
Lesotho,LSO,2021,8.384192,6.984122
Lesotho,LSO,2022,8.384192,6.984122
Lesotho,LSO,2023,8.384192,6.984122
Liberia,LBR,1990,1.0602592,4.6360106
Liberia,LBR,1991,1.1172817,4.7859993
Liberia,LBR,1992,1.174304,4.935988
Liberia,LBR,1993,1.2313263,5.0859766
Liberia,LBR,1994,1.2883487,5.235965
Liberia,LBR,1995,1.345371,5.3859534
Liberia,LBR,1996,1.3988295,5.4859457
Liberia,LBR,1997,1.4522879,5.5859385
Liberia,LBR,1998,1.5057464,5.6859307
Liberia,LBR,1999,1.5592048,5.785923
Liberia,LBR,2000,1.6126633,5.8859153
Liberia,LBR,2001,1.6661217,5.96091
Liberia,LBR,2002,1.7195802,6.035904
Liberia,LBR,2003,1.7730386,6.1108985
Liberia,LBR,2004,1.8264971,6.1858926
Liberia,LBR,2005,1.8799555,6.260887
Liberia,LBR,2006,1.9601432,6.3336086
Liberia,LBR,2007,2.040331,6.4063306
Liberia,LBR,2008,2.1205184,6.479052
Liberia,LBR,2009,2.2007062,6.551774
Liberia,LBR,2010,2.2808938,6.6244955
Liberia,LBR,2011,2.3682094,6.667674
Liberia,LBR,2012,2.455525,6.7108526
Liberia,LBR,2013,2.5428402,6.754031
Liberia,LBR,2014,2.6301558,6.7972097
Liberia,LBR,2015,2.7174714,6.8403883
Liberia,LBR,2016,2.89923,6.9222
Liberia,LBR,2017,3.2174335,7.10294
Liberia,LBR,2018,3.5356367,7.28368
Liberia,LBR,2019,3.85384,7.46442
Liberia,LBR,2020,4.237494,7.65444
Liberia,LBR,2021,4.659341,7.849297
Liberia,LBR,2022,4.659341,7.849297
Liberia,LBR,2023,4.659341,7.849297
Libya,LBY,1990,2.73,4.76
Libya,LBY,1991,2.932,4.91
Libya,LBY,1992,3.134,5.06
Libya,LBY,1993,3.336,5.21
Libya,LBY,1994,3.538,5.36
Libya,LBY,1995,3.74,5.51
Libya,LBY,1996,3.962,5.648
Libya,LBY,1997,4.184,5.786
Libya,LBY,1998,4.406,5.924
Libya,LBY,1999,4.628,6.062
Libya,LBY,2000,4.85,6.2
Libya,LBY,2001,5.14,6.282
Libya,LBY,2002,5.43,6.364
Libya,LBY,2003,5.72,6.446
Libya,LBY,2004,6.01,6.528
Libya,LBY,2005,6.3,6.61
Libya,LBY,2006,6.586,6.682
Libya,LBY,2007,6.872,6.754
Libya,LBY,2008,7.158,6.826
Libya,LBY,2009,7.444,6.898
Libya,LBY,2010,7.73,6.97
Libya,LBY,2011,8.1,7.092
Libya,LBY,2012,8.47,7.214
Libya,LBY,2013,8.467534,7.2119
Libya,LBY,2014,8.465069,7.2098002
Libya,LBY,2015,8.462604,7.2077003
Libya,LBY,2016,8.460137,7.2056003
Libya,LBY,2017,8.457672,7.2035003
Libya,LBY,2018,8.450433,7.1973343
Libya,LBY,2019,8.4431925,7.1911683
Libya,LBY,2020,8.435953,7.1850023
Libya,LBY,2021,8.435953,7.1850023
Libya,LBY,2022,8.435953,7.1850023
Libya,LBY,2023,8.435953,7.1850023
Liechtenstein,LIE,1990,9.660713,10.853979
Liechtenstein,LIE,1991,9.76071,10.9320755
Liechtenstein,LIE,1992,9.861742,11.010734
Liechtenstein,LIE,1993,9.962774,11.089392
Liechtenstein,LIE,1994,10.063807,11.168051
Liechtenstein,LIE,1995,10.164839,11.246709
Liechtenstein,LIE,1996,10.265871,11.325367
Liechtenstein,LIE,1997,10.366903,11.404025
Liechtenstein,LIE,1998,10.467936,11.482684
Liechtenstein,LIE,1999,10.568968,11.561342
Liechtenstein,LIE,2000,10.67,11.64
Liechtenstein,LIE,2001,10.771032,11.718658
Liechtenstein,LIE,2002,10.872065,11.797317
Liechtenstein,LIE,2003,10.973097,11.875976
Liechtenstein,LIE,2004,11.074129,11.954634
Liechtenstein,LIE,2005,11.175161,12.033292
Liechtenstein,LIE,2006,11.125003,12.053314
Liechtenstein,LIE,2007,11.074845,12.073337
Liechtenstein,LIE,2008,10.954467,12.11338
Liechtenstein,LIE,2009,11.275476,12.163435
Liechtenstein,LIE,2010,11.345697,12.173447
Liechtenstein,LIE,2011,11.325634,12.173447
Liechtenstein,LIE,2012,11.3757925,12.203479
Liechtenstein,LIE,2013,11.435981,12.2134905
Liechtenstein,LIE,2014,11.666708,12.443746
Liechtenstein,LIE,2015,11.74696,12.473778
Liechtenstein,LIE,2016,11.80715,12.4938
Liechtenstein,LIE,2017,11.877371,12.513823
Liechtenstein,LIE,2018,11.947591,12.53885
Liechtenstein,LIE,2019,12.017812,12.563878
Liechtenstein,LIE,2020,12.089293,12.588044
Liechtenstein,LIE,2021,12.161198,12.612256
Liechtenstein,LIE,2022,12.161198,12.612256
Liechtenstein,LIE,2023,12.161198,12.612256
Lithuania,LTU,1990,8.707313,9.762715
Lithuania,LTU,1991,8.895879,9.916162
Lithuania,LTU,1992,9.084445,10.069607
Lithuania,LTU,1993,9.27301,10.223053
Lithuania,LTU,1994,9.461576,10.376499
Lithuania,LTU,1995,9.650143,10.529944
Lithuania,LTU,1996,9.858674,10.658928
Lithuania,LTU,1997,10.067206,10.787911
Lithuania,LTU,1998,10.275738,10.916895
Lithuania,LTU,1999,10.48427,11.045878
Lithuania,LTU,2000,10.692801,11.174862
Lithuania,LTU,2001,10.890242,11.36389
Lithuania,LTU,2002,11.087681,11.5529175
Lithuania,LTU,2003,11.285121,11.741945
Lithuania,LTU,2004,11.48256,11.930972
Lithuania,LTU,2005,11.68,12.12
Lithuania,LTU,2006,11.9,12.15
Lithuania,LTU,2007,12.03,12.32
Lithuania,LTU,2008,12.19,12.43
Lithuania,LTU,2009,12.26,12.4
Lithuania,LTU,2010,12.42,12.51
Lithuania,LTU,2011,12.53,12.63
Lithuania,LTU,2012,12.54,12.6
Lithuania,LTU,2013,12.56,12.62
Lithuania,LTU,2014,12.8,12.81
Lithuania,LTU,2015,12.9800005,12.94
Lithuania,LTU,2016,13.16,13.04
Lithuania,LTU,2017,13.25,13.11
Lithuania,LTU,2018,13.36,13.206666
Lithuania,LTU,2019,13.47,13.303333
Lithuania,LTU,2020,13.58,13.4
Lithuania,LTU,2021,13.707578,13.493948
Lithuania,LTU,2022,13.707578,13.493948
Lithuania,LTU,2023,13.707578,13.493948
Low human development (UNDP),,1990,1.0684862,3.191187
Low human development (UNDP),,1991,1.148611,3.2915933
Low human development (UNDP),,1992,1.2265278,3.3885593
Low human development (UNDP),,1993,1.3030835,3.4843311
Low human development (UNDP),,1994,1.3834579,3.585573
Low human development (UNDP),,1995,1.4639275,3.684867
Low human development (UNDP),,1996,1.5314028,3.7739885
Low human development (UNDP),,1997,1.5979906,3.8629818
Low human development (UNDP),,1998,1.6685164,3.958595
Low human development (UNDP),,1999,1.8113439,4.0668473
Low human development (UNDP),,2000,1.7207148,3.8531687
Low human development (UNDP),,2001,1.8304311,4.0207458
Low human development (UNDP),,2002,1.9368869,4.1821923
Low human development (UNDP),,2003,2.0411425,4.3393435
Low human development (UNDP),,2004,2.1490922,4.499008
Low human development (UNDP),,2005,2.225926,4.5979156
Low human development (UNDP),,2006,2.262298,4.62446
Low human development (UNDP),,2007,2.2844312,4.6568084
Low human development (UNDP),,2008,2.3461592,4.7243133
Low human development (UNDP),,2009,2.372361,4.772924
Low human development (UNDP),,2010,2.4296386,4.8811545
Low human development (UNDP),,2011,2.5218253,5.0108504
Low human development (UNDP),,2012,2.6827793,5.016883
Low human development (UNDP),,2013,2.7647548,5.0665426
Low human development (UNDP),,2014,2.8947334,5.1726665
Low human development (UNDP),,2015,2.9783475,5.2189445
Low human development (UNDP),,2016,3.0511675,5.2658625
Low human development (UNDP),,2017,3.0907297,5.282589
Low human development (UNDP),,2018,3.0769117,5.1569605
Low human development (UNDP),,2019,3.2230115,4.8781877
Low human development (UNDP),,2020,3.2891695,4.8056583
Low human development (UNDP),,2021,3.3735473,4.78626
Low human development (UNDP),,2022,3.299096,4.803284
Low human development (UNDP),,2023,3.304332,4.811962
Low-income countries,,2005,2.012784,3.654017
Low-income countries,,2006,2.0981946,3.7312415
Low-income countries,,2007,2.1722229,3.8119633
Low-income countries,,2008,2.3023553,3.9733899
Low-income countries,,2009,2.332425,4.072978
Low-income countries,,2010,2.3530064,4.175697
Low-income countries,,2011,2.392133,4.28623
Low-income countries,,2012,2.4399636,4.356796
Low-income countries,,2013,2.5110307,4.413002
Low-income countries,,2014,2.6018066,4.4880166
Low-income countries,,2015,2.7031114,4.5752726
Low-income countries,,2016,2.7830298,4.6541038
Low-income countries,,2017,2.8520682,4.720594
Low-income countries,,2018,2.9448369,4.7876487
Low-income countries,,2019,3.042636,4.8371654
Low-income countries,,2020,3.1298306,4.8635554
Low-income countries,,2021,3.2342563,4.9509306
Low-income countries,,2022,3.2199008,5.1003923
Low-income countries,,2023,3.2365956,5.120407
Lower-middle-income countries,,1999,3.3834198,5.305341
Lower-middle-income countries,,2000,3.679349,5.5848856
Lower-middle-income countries,,2001,3.7096043,5.699331
Lower-middle-income countries,,2002,3.7356179,5.8117905
Lower-middle-income countries,,2003,3.7634864,5.925066
Lower-middle-income countries,,2004,3.8077166,6.0517063
Lower-middle-income countries,,2005,3.8460586,6.1748405
Lower-middle-income countries,,2006,3.9575505,6.2610726
Lower-middle-income countries,,2007,4.0853405,6.3498263
Lower-middle-income countries,,2008,4.2149444,6.4472966
Lower-middle-income countries,,2009,4.3360095,6.5380387
Lower-middle-income countries,,2010,4.4530005,6.6229506
Lower-middle-income countries,,2011,4.6707993,6.7674313
Lower-middle-income countries,,2012,4.793362,6.8596015
Lower-middle-income countries,,2013,4.880388,6.942222
Lower-middle-income countries,,2014,4.99905,7.0569315
Lower-middle-income countries,,2015,5.1413274,7.2208447
Lower-middle-income countries,,2016,5.24111,7.3265963
Lower-middle-income countries,,2017,5.442196,7.3995137
Lower-middle-income countries,,2018,5.6446457,7.4621997
Lower-middle-income countries,,2019,5.7349834,7.593635
Lower-middle-income countries,,2020,5.981181,7.645026
Lower-middle-income countries,,2021,6.0958447,7.6593966
Lower-middle-income countries,,2022,6.171083,7.698034
Lower-middle-income countries,,2023,6.3104124,7.851388
Luxembourg,LUX,1990,8.326025,9.349311
Luxembourg,LUX,1991,8.55,9.46
Luxembourg,LUX,1992,8.780001,9.5720005
Luxembourg,LUX,1993,9.01,9.684
Luxembourg,LUX,1994,9.240001,9.7960005
Luxembourg,LUX,1995,9.47,9.908
Luxembourg,LUX,1996,9.7,10.0199995
Luxembourg,LUX,1997,9.93,10.132
Luxembourg,LUX,1998,10.16,10.244
Luxembourg,LUX,1999,10.39,10.356
Luxembourg,LUX,2000,10.62,10.468
Luxembourg,LUX,2001,10.85,10.58
Luxembourg,LUX,2002,10.775001,11.125
Luxembourg,LUX,2003,10.7,11.67
Luxembourg,LUX,2004,10.84,11.745
Luxembourg,LUX,2005,10.9800005,11.82
Luxembourg,LUX,2006,11.12,11.895
Luxembourg,LUX,2007,11.26,11.97
Luxembourg,LUX,2008,11.835,12.595
Luxembourg,LUX,2009,12.41,13.22
Luxembourg,LUX,2010,12.44,13.24
Luxembourg,LUX,2011,12.52,13.18
Luxembourg,LUX,2012,12.66,13.34
Luxembourg,LUX,2013,12.94,13.46
Luxembourg,LUX,2014,13.09,13.76
Luxembourg,LUX,2015,12.41,12.48
Luxembourg,LUX,2016,12.496917,12.4655
Luxembourg,LUX,2017,12.535726,12.451
Luxembourg,LUX,2018,12.598589,12.436501
Luxembourg,LUX,2019,12.661451,12.422001
Luxembourg,LUX,2020,12.724315,12.407501
Luxembourg,LUX,2021,12.789345,12.38886
Luxembourg,LUX,2022,12.789345,12.38886
Luxembourg,LUX,2023,12.789345,12.38886
Madagascar,MDG,1999,3.3455296,4.242304
Madagascar,MDG,2000,3.470254,4.3793564
Madagascar,MDG,2001,3.5949783,4.5164094
Madagascar,MDG,2002,3.7197027,4.653462
Madagascar,MDG,2003,3.844427,4.790515
Madagascar,MDG,2004,3.9691515,4.9275675
Madagascar,MDG,2005,4.032069,4.954884
Madagascar,MDG,2006,4.094987,4.9822006
Madagascar,MDG,2007,4.1579046,5.009517
Madagascar,MDG,2008,4.2208223,5.036834
Madagascar,MDG,2009,4.28374,5.0641503
Madagascar,MDG,2010,4.3466578,5.091467
Madagascar,MDG,2011,4.409576,5.1187835
Madagascar,MDG,2012,4.4724936,5.1461005
Madagascar,MDG,2013,4.5354114,5.173417
Madagascar,MDG,2014,4.598329,5.2007337
Madagascar,MDG,2015,4.661247,5.22805
Madagascar,MDG,2016,4.7241645,5.255367
Madagascar,MDG,2017,4.787082,5.2826834
Madagascar,MDG,2018,4.85,5.31
Madagascar,MDG,2019,4.6641164,5.1851535
Madagascar,MDG,2020,4.4782333,5.0603065
Madagascar,MDG,2021,4.29235,4.93546
Madagascar,MDG,2022,4.29235,4.93546
Madagascar,MDG,2023,4.29235,4.93546
Malawi,MWI,1990,1.5212302,3.0591428
Malawi,MWI,1991,1.5620437,3.116223
Malawi,MWI,1992,1.6028571,3.1733034
Malawi,MWI,1993,1.6436707,3.2303836
Malawi,MWI,1994,1.6844841,3.287464
Malawi,MWI,1995,1.7252976,3.344544
Malawi,MWI,1996,1.7735318,3.4230294
Malawi,MWI,1997,1.8217659,3.5015147
Malawi,MWI,1998,1.87,3.58
Malawi,MWI,1999,2.0130353,3.7517865
Malawi,MWI,2000,2.1560705,3.9235728
Malawi,MWI,2001,2.299106,4.0953593
Malawi,MWI,2002,2.442141,4.2671456
Malawi,MWI,2003,2.5851765,4.4389324
Malawi,MWI,2004,2.7282119,4.6107187
Malawi,MWI,2005,2.871247,4.782505
Malawi,MWI,2006,3.0142825,4.954292
Malawi,MWI,2007,3.1573176,5.126078
Malawi,MWI,2008,3.3003528,5.297865
Malawi,MWI,2009,3.4433882,5.469651
Malawi,MWI,2010,3.5864234,5.6414375
Malawi,MWI,2011,3.7294588,5.8132243
Malawi,MWI,2012,3.8724942,5.9850106
Malawi,MWI,2013,4.015529,6.156797
Malawi,MWI,2014,4.1585646,6.3285837
Malawi,MWI,2015,4.3016,6.50037
Malawi,MWI,2016,4.29971,6.47943
Malawi,MWI,2017,4.29782,6.45849
Malawi,MWI,2018,4.29593,6.43755
Malawi,MWI,2019,4.29404,6.41661
Malawi,MWI,2020,4.29215,6.39567
Malawi,MWI,2021,4.29215,6.39567
Malawi,MWI,2022,4.29215,6.39567
Malawi,MWI,2023,4.29215,6.39567
Malaysia,MYS,1990,5.323756,6.9997616
Malaysia,MYS,1991,5.5337334,7.162459
Malaysia,MYS,1992,5.7437105,7.325156
Malaysia,MYS,1993,5.9536877,7.487853
Malaysia,MYS,1994,6.163665,7.6505504
Malaysia,MYS,1995,6.373642,7.8132477
Malaysia,MYS,1996,6.5,7.94
Malaysia,MYS,1997,6.855,8.1825
Malaysia,MYS,1998,7.21,8.425
Malaysia,MYS,1999,7.565,8.6675
Malaysia,MYS,2000,7.92,8.91
Malaysia,MYS,2001,7.7660003,8.73
Malaysia,MYS,2002,7.612,8.55
Malaysia,MYS,2003,7.458,8.37
Malaysia,MYS,2004,7.304,8.190001
Malaysia,MYS,2005,7.15,8.01
Malaysia,MYS,2006,7.675,8.475
Malaysia,MYS,2007,8.2,8.94
Malaysia,MYS,2008,8.725,9.405
Malaysia,MYS,2009,9.25,9.87
Malaysia,MYS,2010,9.42,9.98
Malaysia,MYS,2011,9.56,10.059999
Malaysia,MYS,2012,9.7,10.139999
Malaysia,MYS,2013,9.84,10.219999
Malaysia,MYS,2014,9.9800005,10.3
Malaysia,MYS,2015,10.12,10.38
Malaysia,MYS,2016,10.26,10.46
Malaysia,MYS,2017,10.363334,10.546667
Malaysia,MYS,2018,10.466666,10.633333
Malaysia,MYS,2019,10.57,10.72
Malaysia,MYS,2020,10.706666,10.883333
Malaysia,MYS,2021,10.843333,11.046667
Malaysia,MYS,2022,10.98,11.21
Malaysia,MYS,2023,10.98,11.21
Maldives,MDV,2000,3.3476207,3.707233
Maldives,MDV,2001,3.3164241,3.712095
Maldives,MDV,2002,3.2852278,3.7169569
Maldives,MDV,2003,3.2540312,3.721819
Maldives,MDV,2004,3.2228348,3.7266808
Maldives,MDV,2005,3.1916382,3.7315428
Maldives,MDV,2006,3.53,4.05
Maldives,MDV,2007,3.8262472,4.29816
Maldives,MDV,2008,4.1224947,4.54632
Maldives,MDV,2009,4.4187417,4.7944803
Maldives,MDV,2010,4.714989,5.04264
Maldives,MDV,2011,5.011236,5.2908
Maldives,MDV,2012,5.3074837,5.53896
Maldives,MDV,2013,5.603731,5.78712
Maldives,MDV,2014,5.899978,6.0352798
Maldives,MDV,2015,6.1962256,6.28344
Maldives,MDV,2016,6.4924726,6.5316
Maldives,MDV,2017,6.78872,6.77976
Maldives,MDV,2018,6.9589386,6.93222
Maldives,MDV,2019,7.1291575,7.0846796
Maldives,MDV,2020,7.299376,7.2371397
Maldives,MDV,2021,7.445564,7.3632483
Maldives,MDV,2022,7.445564,7.3632483
Maldives,MDV,2023,7.445564,7.3632483
Mali,MLI,1990,0.6510638,0.9458824
Mali,MLI,1991,0.6901277,0.9791634
Mali,MLI,1992,0.7291915,1.0124445
Mali,MLI,1993,0.7682553,1.0457255
Mali,MLI,1994,0.8073191,1.0790066
Mali,MLI,1995,0.846383,1.1122876
Mali,MLI,1996,0.8821915,1.1368105
Mali,MLI,1997,0.918,1.1613333
Mali,MLI,1998,0.9538085,1.1858562
Mali,MLI,1999,0.989617,1.2103791
Mali,MLI,2000,1.0254256,1.234902
Mali,MLI,2001,1.071,1.2594249
Mali,MLI,2002,1.1165744,1.2839477
Mali,MLI,2003,1.162149,1.3084706
Mali,MLI,2004,1.2077234,1.3329935
Mali,MLI,2005,1.2532978,1.4672234
Mali,MLI,2006,1.53,1.34
Mali,MLI,2007,1.522,1.612
Mali,MLI,2008,1.5139999,1.8840001
Mali,MLI,2009,1.506,2.1560001
Mali,MLI,2010,1.498,2.428
Mali,MLI,2011,1.49,2.7
Mali,MLI,2012,1.4975,2.5675
Mali,MLI,2013,1.505,2.4350002
Mali,MLI,2014,1.5124999,2.3025
Mali,MLI,2015,1.52,2.17
Mali,MLI,2016,1.01,2.08
Mali,MLI,2017,1.125,2.32
Mali,MLI,2018,1.24,2.56
Mali,MLI,2019,1.39846,2.75503
Mali,MLI,2020,1.14,2.16
Mali,MLI,2021,1.14,2.16
Mali,MLI,2022,1.14,2.16
Mali,MLI,2023,1.14,2.16
Malta,MLT,1990,5.7278676,7.165615
Malta,MLT,1991,5.846748,7.255707
Malta,MLT,1992,5.965628,7.3457985
Malta,MLT,1993,6.0845084,7.4358897
Malta,MLT,1994,6.2033887,7.5259814
Malta,MLT,1995,6.322269,7.616073
Malta,MLT,1996,6.411815,7.732858
Malta,MLT,1997,6.5013614,7.8496437
Malta,MLT,1998,6.5909076,7.966429
Malta,MLT,1999,6.680454,8.083215
Malta,MLT,2000,6.77,8.2
Malta,MLT,2001,7.284,8.61
Malta,MLT,2002,7.798,9.0199995
Malta,MLT,2003,8.312,9.43
Malta,MLT,2004,8.826,9.84
Malta,MLT,2005,9.34,10.25
Malta,MLT,2006,9.389999,10.275001
Malta,MLT,2007,9.44,10.3
Malta,MLT,2008,9.599999,10.4366665
Malta,MLT,2009,9.76,10.573334
Malta,MLT,2010,9.92,10.71
Malta,MLT,2011,10.04,10.93
Malta,MLT,2012,10.4,11.21
Malta,MLT,2013,10.68,11.39
Malta,MLT,2014,10.79,11.47
Malta,MLT,2015,10.9,11.53
Malta,MLT,2016,11.02,11.56
Malta,MLT,2017,11.3,11.83
Malta,MLT,2018,11.58,12.1
Malta,MLT,2019,11.79,12.255
Malta,MLT,2020,12,12.41
Malta,MLT,2021,12.233143,12.594262
Malta,MLT,2022,12.233143,12.594262
Malta,MLT,2023,12.233143,12.594262
Marshall Islands,MHL,2011,10.71,11.06
Marshall Islands,MHL,2012,10.776165,11.128327
Marshall Islands,MHL,2013,10.842738,11.197077
Marshall Islands,MHL,2014,10.909723,11.266251
Marshall Islands,MHL,2015,10.976707,11.335424
Marshall Islands,MHL,2016,11.043693,11.404598
Marshall Islands,MHL,2017,11.110678,11.473772
Marshall Islands,MHL,2018,11.177662,11.542946
Marshall Islands,MHL,2019,11.270055,11.638358
Marshall Islands,MHL,2020,11.362449,11.73377
Marshall Islands,MHL,2021,11.454842,11.829183
Marshall Islands,MHL,2022,11.454842,11.829183
Marshall Islands,MHL,2023,11.454842,11.829183
Mauritania,MRT,1990,1.8926009,2.7448368
Mauritania,MRT,1991,1.9537284,2.8381987
Mauritania,MRT,1992,2.0148559,2.9315605
Mauritania,MRT,1993,2.0759833,3.0249224
Mauritania,MRT,1994,2.137111,3.1182842
Mauritania,MRT,1995,2.1982384,3.2116458
Mauritania,MRT,1996,2.2523127,3.2975388
Mauritania,MRT,1997,2.306387,3.3834317
Mauritania,MRT,1998,2.3604612,3.4693246
Mauritania,MRT,1999,2.4145355,3.5552173
Mauritania,MRT,2000,2.4686098,3.6411102
Mauritania,MRT,2001,2.5226843,3.7382064
Mauritania,MRT,2002,2.5767586,3.8353028
Mauritania,MRT,2003,2.630833,3.932399
Mauritania,MRT,2004,2.6849072,4.0294952
Mauritania,MRT,2005,2.7389815,4.1265917
Mauritania,MRT,2006,2.8306727,4.199414
Mauritania,MRT,2007,2.922364,4.272236
Mauritania,MRT,2008,3.0140553,4.345058
Mauritania,MRT,2009,3.1057463,4.4178805
Mauritania,MRT,2010,3.1974375,4.4907026
Mauritania,MRT,2011,3.3549585,4.597135
Mauritania,MRT,2012,3.5124793,4.7035675
Mauritania,MRT,2013,3.67,4.81
Mauritania,MRT,2014,3.5436199,5.0903096
Mauritania,MRT,2015,3.41724,5.37062
Mauritania,MRT,2016,3.5563488,5.452477
Mauritania,MRT,2017,3.6954577,5.5343337
Mauritania,MRT,2018,3.8345666,5.616191
Mauritania,MRT,2019,3.9736755,5.698048
Mauritania,MRT,2020,4.1127844,5.779905
Mauritania,MRT,2021,4.245845,5.853776
Mauritania,MRT,2022,4.245845,5.853776
Mauritania,MRT,2023,4.245845,5.853776
Mauritius,MUS,1990,4.92,6.82
Mauritius,MUS,1991,4.989,6.84
Mauritius,MUS,1992,5.058,6.86
Mauritius,MUS,1993,5.127,6.88
Mauritius,MUS,1994,5.196,6.9
Mauritius,MUS,1995,5.2650003,6.92
Mauritius,MUS,1996,5.334,6.94
Mauritius,MUS,1997,5.403,6.96
Mauritius,MUS,1998,5.472,6.98
Mauritius,MUS,1999,5.5410004,7
Mauritius,MUS,2000,5.61,7.02
Mauritius,MUS,2001,5.8245454,7.2090907
Mauritius,MUS,2002,6.039091,7.398182
Mauritius,MUS,2003,6.2536364,7.5872726
Mauritius,MUS,2004,6.4681816,7.776364
Mauritius,MUS,2005,6.6827273,7.9654546
Mauritius,MUS,2006,6.8972726,8.154546
Mauritius,MUS,2007,7.1118183,8.3436365
Mauritius,MUS,2008,7.3263636,8.532727
Mauritius,MUS,2009,7.540909,8.721819
Mauritius,MUS,2010,7.7554545,8.91091
Mauritius,MUS,2011,7.97,9.1
Mauritius,MUS,2012,8.268825,9.235882
Mauritius,MUS,2013,8.56765,9.371763
Mauritius,MUS,2014,8.866474,9.507645
Mauritius,MUS,2015,9.165299,9.643526
Mauritius,MUS,2016,9.305687,9.724649
Mauritius,MUS,2017,9.4460745,9.805773
Mauritius,MUS,2018,9.586462,9.886896
Mauritius,MUS,2019,9.72685,9.9680195
Mauritius,MUS,2020,9.867237,10.049143
Mauritius,MUS,2021,10.001608,10.132294
Mauritius,MUS,2022,10.001608,10.132294
Mauritius,MUS,2023,10.001608,10.132294
Medium human development (UNDP),,1990,1.9422566,3.8006663
Medium human development (UNDP),,1991,2.012727,3.9428647
Medium human development (UNDP),,1992,2.08302,4.0856266
Medium human development (UNDP),,1993,2.153331,4.228463
Medium human development (UNDP),,1994,2.2247858,4.3724875
Medium human development (UNDP),,1995,2.2961493,4.516374
Medium human development (UNDP),,1996,2.5095253,4.6918206
Medium human development (UNDP),,1997,2.7225614,4.867008
Medium human development (UNDP),,1998,2.935721,5.0424557
Medium human development (UNDP),,1999,3.1414313,5.2142124
Medium human development (UNDP),,2000,3.353674,5.388274
Medium human development (UNDP),,2001,3.34807,5.4788995
Medium human development (UNDP),,2002,3.338847,5.569046
Medium human development (UNDP),,2003,3.3358488,5.661741
Medium human development (UNDP),,2004,3.344304,5.757987
Medium human development (UNDP),,2005,3.348636,5.8503838
Medium human development (UNDP),,2006,3.4854212,5.948337
Medium human development (UNDP),,2007,3.626961,6.046571
Medium human development (UNDP),,2008,3.7633407,6.1432443
Medium human development (UNDP),,2009,3.8843963,6.238095
Medium human development (UNDP),,2010,3.9933038,6.3164415
Medium human development (UNDP),,2011,4.2242527,6.4698353
Medium human development (UNDP),,2012,4.3094873,6.582945
Medium human development (UNDP),,2013,4.3737154,6.667025
Medium human development (UNDP),,2014,4.4853444,6.7960386
Medium human development (UNDP),,2015,4.630796,6.989602
Medium human development (UNDP),,2016,4.7275367,7.1183305
Medium human development (UNDP),,2017,4.9763217,7.227405
Medium human development (UNDP),,2018,5.22086,7.3362136
Medium human development (UNDP),,2019,5.264927,7.554039
Medium human development (UNDP),,2020,5.5563,7.6276035
Medium human development (UNDP),,2021,5.6374464,7.6191263
Medium human development (UNDP),,2022,5.7025943,7.630114
Medium human development (UNDP),,2023,5.8938375,7.84698
Mexico,MEX,1990,5.52,6.43
Mexico,MEX,1991,5.594,6.4979997
Mexico,MEX,1992,5.668,6.566
Mexico,MEX,1993,5.742,6.634
Mexico,MEX,1994,5.816,6.702
Mexico,MEX,1995,5.8900003,6.77
Mexico,MEX,1996,5.964,6.838
Mexico,MEX,1997,6.038,6.906
Mexico,MEX,1998,6.112,6.974
Mexico,MEX,1999,6.1860003,7.0420003
Mexico,MEX,2000,6.26,7.11
Mexico,MEX,2001,6.42,7.2650003
Mexico,MEX,2002,6.58,7.42
Mexico,MEX,2003,6.7400002,7.5750003
Mexico,MEX,2004,6.9,7.73
Mexico,MEX,2005,7.2,7.8
Mexico,MEX,2006,7.5,8.31
Mexico,MEX,2007,7.53,8.3
Mexico,MEX,2008,7.61,8.34
Mexico,MEX,2009,7.81,8.52
Mexico,MEX,2010,7.79,8.24
Mexico,MEX,2011,7.995,8.53
Mexico,MEX,2012,8.2,8.82
Mexico,MEX,2013,8.15,8.6
Mexico,MEX,2014,8.22,8.61
Mexico,MEX,2015,8.41,8.82
Mexico,MEX,2016,8.42,8.8
Mexico,MEX,2017,8.58,8.93
Mexico,MEX,2018,8.78,9.11
Mexico,MEX,2019,8.94,9.235
Mexico,MEX,2020,9.1,9.36
Mexico,MEX,2021,9.244912,9.472167
Mexico,MEX,2022,9.244912,9.472167
Mexico,MEX,2023,9.244912,9.472167
Micronesia (country),FSM,2010,6.6462054,8.390744
Micronesia (country),FSM,2011,6.686453,8.294643
Micronesia (country),FSM,2012,6.7258067,8.199643
Micronesia (country),FSM,2013,6.76428,8.10573
Micronesia (country),FSM,2014,6.8027525,8.011818
Micronesia (country),FSM,2015,6.841225,7.917906
Micronesia (country),FSM,2016,6.8796983,7.8239937
Micronesia (country),FSM,2017,6.94025,7.7300816
Micronesia (country),FSM,2018,6.9238806,7.747569
Micronesia (country),FSM,2019,6.907511,7.765057
Micronesia (country),FSM,2020,6.891142,7.782545
Micronesia (country),FSM,2021,6.891142,7.782545
Micronesia (country),FSM,2022,6.891142,7.782545
Micronesia (country),FSM,2023,6.891142,7.782545
Moldova,MDA,1990,8.676392,9.755329
Moldova,MDA,1991,8.824414,9.856015
Moldova,MDA,1992,8.972436,9.9567
Moldova,MDA,1993,9.120459,10.057386
Moldova,MDA,1994,9.268481,10.158072
Moldova,MDA,1995,9.416504,10.258758
Moldova,MDA,1996,9.532644,10.337069
Moldova,MDA,1997,9.648785,10.4153805
Moldova,MDA,1998,9.764926,10.493691
Moldova,MDA,1999,9.881066,10.572002
Moldova,MDA,2000,9.997207,10.650313
Moldova,MDA,2001,10.122457,10.717438
Moldova,MDA,2002,10.247706,10.784561
Moldova,MDA,2003,10.372956,10.851685
Moldova,MDA,2004,10.498206,10.918809
Moldova,MDA,2005,10.623456,10.985932
Moldova,MDA,2006,10.896728,11.202967
Moldova,MDA,2007,11.17,11.42
Moldova,MDA,2008,11.28,11.5
Moldova,MDA,2009,11.41,11.55
Moldova,MDA,2010,11.43,11.56
Moldova,MDA,2011,11.5,11.63
Moldova,MDA,2012,11.53,11.9
Moldova,MDA,2013,11.61,11.66
Moldova,MDA,2014,11.72,11.68
Moldova,MDA,2015,11.76,11.63
Moldova,MDA,2016,11.79,11.656667
Moldova,MDA,2017,11.820001,11.683333
Moldova,MDA,2018,11.85,11.71
Moldova,MDA,2019,11.82,11.69
Moldova,MDA,2020,11.86,11.74
Moldova,MDA,2021,11.89,11.75
Moldova,MDA,2022,11.9,11.74
Moldova,MDA,2023,11.9,11.74
Mongolia,MNG,1990,8.150496,8.7890005
Mongolia,MNG,1991,8.18598,8.8176
Mongolia,MNG,1992,8.221465,8.8462
Mongolia,MNG,1993,8.25695,8.8748
Mongolia,MNG,1994,8.292436,8.9034
Mongolia,MNG,1995,8.327921,8.932
Mongolia,MNG,1996,8.454337,8.971601
Mongolia,MNG,1997,8.580752,9.0112
Mongolia,MNG,1998,8.707169,9.0508
Mongolia,MNG,1999,8.833584,9.0904
Mongolia,MNG,2000,8.96,9.13
Mongolia,MNG,2001,9.096,9.192
Mongolia,MNG,2002,9.232,9.254
Mongolia,MNG,2003,9.368,9.316
Mongolia,MNG,2004,9.504,9.378
Mongolia,MNG,2005,9.639999,9.44
Mongolia,MNG,2006,9.776,9.502
Mongolia,MNG,2007,9.912,9.564
Mongolia,MNG,2008,10.047999,9.626
Mongolia,MNG,2009,10.184,9.688
Mongolia,MNG,2010,10.32,9.75
Mongolia,MNG,2011,10.457232,9.821
Mongolia,MNG,2012,10.594465,9.892
Mongolia,MNG,2013,10.731697,9.963
Mongolia,MNG,2014,10.86893,10.034
Mongolia,MNG,2015,11.006163,10.105
Mongolia,MNG,2016,11.143395,10.176
Mongolia,MNG,2017,11.280627,10.247
Mongolia,MNG,2018,11.41786,10.318
Mongolia,MNG,2019,10.683929,9.584001
Mongolia,MNG,2020,9.95,8.85
Mongolia,MNG,2021,9.95,8.85
Mongolia,MNG,2022,9.95,8.85
Mongolia,MNG,2023,9.95,8.85
Montenegro,MNE,2003,9.59,11.37
Montenegro,MNE,2004,9.7225,11.445
Montenegro,MNE,2005,9.855,11.5199995
Montenegro,MNE,2006,9.9875,11.595
Montenegro,MNE,2007,10.12,11.67
Montenegro,MNE,2008,10.2525,11.745
Montenegro,MNE,2009,10.384999,11.82
Montenegro,MNE,2010,10.5175,11.895
Montenegro,MNE,2011,10.65,11.97
Montenegro,MNE,2012,10.805958,12.105329
Montenegro,MNE,2013,10.961917,12.240658
Montenegro,MNE,2014,11.117875,12.375986
Montenegro,MNE,2015,11.273834,12.511314
Montenegro,MNE,2016,11.429792,12.646643
Montenegro,MNE,2017,11.585752,12.781972
Montenegro,MNE,2018,11.74171,12.9173
Montenegro,MNE,2019,11.904203,13.057053
Montenegro,MNE,2020,12.068945,13.198318
Montenegro,MNE,2021,12.235967,13.34111
Montenegro,MNE,2022,12.235967,13.34111
Montenegro,MNE,2023,12.235967,13.34111
Morocco,MAR,1990,1.38,2.91
Morocco,MAR,1991,1.47,3.042
Morocco,MAR,1992,1.56,3.174
Morocco,MAR,1993,1.65,3.306
Morocco,MAR,1994,1.74,3.438
Morocco,MAR,1995,1.83,3.57
Morocco,MAR,1996,1.93,3.712
Morocco,MAR,1997,2.03,3.854
Morocco,MAR,1998,2.13,3.996
Morocco,MAR,1999,2.23,4.138
Morocco,MAR,2000,2.33,4.28
Morocco,MAR,2001,2.422,4.4
Morocco,MAR,2002,2.514,4.52
Morocco,MAR,2003,2.606,4.64
Morocco,MAR,2004,2.698,4.76
Morocco,MAR,2005,2.79,4.88
Morocco,MAR,2006,2.878,4.97
Morocco,MAR,2007,2.966,5.06
Morocco,MAR,2008,3.054,5.15
Morocco,MAR,2009,3.142,5.24
Morocco,MAR,2010,3.23,5.33
Morocco,MAR,2011,3.46,5.546
Morocco,MAR,2012,3.69,5.762
Morocco,MAR,2013,3.92,5.978
Morocco,MAR,2014,4.15,6.194
Morocco,MAR,2015,4.38,6.41
Morocco,MAR,2016,4.532,6.524
Morocco,MAR,2017,4.684,6.638
Morocco,MAR,2018,4.836,6.752
Morocco,MAR,2019,4.988,6.866
Morocco,MAR,2020,5.14,6.98
Morocco,MAR,2021,5.312,7.102
Morocco,MAR,2022,5.312,7.102
Morocco,MAR,2023,5.312,7.102
Mozambique,MOZ,1990,0.81305486,2.3720605
Mozambique,MOZ,1991,0.8356397,2.3226426
Mozambique,MOZ,1992,0.8582246,2.2732246
Mozambique,MOZ,1993,0.8808094,2.2238066
Mozambique,MOZ,1994,0.9033943,2.1743886
Mozambique,MOZ,1995,0.92597914,2.124971
Mozambique,MOZ,1996,0.9756658,2.1546216
Mozambique,MOZ,1997,1.0253525,2.1842723
Mozambique,MOZ,1998,1.0750391,2.2139232
Mozambique,MOZ,1999,1.1247258,2.243574
Mozambique,MOZ,2000,1.1744125,2.2732246
Mozambique,MOZ,2001,1.2421671,2.3555877
Mozambique,MOZ,2002,1.3099217,2.437951
Mozambique,MOZ,2003,1.3776762,2.5203142
Mozambique,MOZ,2004,1.4454309,2.6026773
Mozambique,MOZ,2005,1.5131854,2.6850407
Mozambique,MOZ,2006,1.567389,2.7212806
Mozambique,MOZ,2007,1.6215928,2.7575202
Mozambique,MOZ,2008,1.6757964,2.79376
Mozambique,MOZ,2009,1.73,2.83
Mozambique,MOZ,2010,1.855,3.105
Mozambique,MOZ,2011,1.98,3.38
Mozambique,MOZ,2012,2.1575,3.4250002
Mozambique,MOZ,2013,2.335,3.47
Mozambique,MOZ,2014,2.5125,3.515
Mozambique,MOZ,2015,2.69,3.56
Mozambique,MOZ,2016,2.515,3.7250001
Mozambique,MOZ,2017,2.34,3.89
Mozambique,MOZ,2018,2.6366665,4.056667
Mozambique,MOZ,2019,2.9333334,4.2233334
Mozambique,MOZ,2020,3.23,4.39
Mozambique,MOZ,2021,3.4898,5.03116
Mozambique,MOZ,2022,3.7496,5.67232
Mozambique,MOZ,2023,3.7496,5.67232
Myanmar,MMR,1990,1.8988714,2.6020472
Myanmar,MMR,1991,1.9550712,2.6449044
Myanmar,MMR,1992,2.011271,2.6877615
Myanmar,MMR,1993,2.0674708,2.730619
Myanmar,MMR,1994,2.1236706,2.7734761
Myanmar,MMR,1995,2.1798704,2.8163333
Myanmar,MMR,1996,2.2650216,2.8734763
Myanmar,MMR,1997,2.3501728,2.9306192
Myanmar,MMR,1998,2.435324,2.9877622
Myanmar,MMR,1999,2.5204751,3.0449054
Myanmar,MMR,2000,2.6056263,3.1020484
Myanmar,MMR,2001,2.6958866,3.1755178
Myanmar,MMR,2002,2.7861469,3.2489874
Myanmar,MMR,2003,2.8764071,3.322457
Myanmar,MMR,2004,2.9666674,3.3959265
Myanmar,MMR,2005,3.0569277,3.469396
Myanmar,MMR,2006,3.1693273,3.548988
Myanmar,MMR,2007,3.2817268,3.62858
Myanmar,MMR,2008,3.3941264,3.7081723
Myanmar,MMR,2009,3.5065258,3.7877643
Myanmar,MMR,2010,3.6189253,3.8673563
Myanmar,MMR,2011,3.7960398,4.10001
Myanmar,MMR,2012,3.9731543,4.3326635
Myanmar,MMR,2013,4.150269,4.565317
Myanmar,MMR,2014,4.3273835,4.797971
Myanmar,MMR,2015,4.504498,5.0306244
Myanmar,MMR,2016,4.58454,5.19389
Myanmar,MMR,2017,5.08636,5.705927
Myanmar,MMR,2018,5.58818,6.217963
Myanmar,MMR,2019,6.09,6.73
Myanmar,MMR,2020,6.09,6.73
Myanmar,MMR,2021,6.09,6.73
Myanmar,MMR,2022,6.09,6.73
Myanmar,MMR,2023,6.09,6.73
Namibia,NAM,1990,5.604007,5.8070292
Namibia,NAM,1991,5.61,5.82
Namibia,NAM,1992,5.616,5.833
Namibia,NAM,1993,5.622,5.846
Namibia,NAM,1994,5.6280003,5.859
Namibia,NAM,1995,5.6340003,5.872
Namibia,NAM,1996,5.6400003,5.8849998
Namibia,NAM,1997,5.646,5.898
Namibia,NAM,1998,5.652,5.911
Namibia,NAM,1999,5.658,5.924
Namibia,NAM,2000,5.664,5.937
Namibia,NAM,2001,5.67,5.95
Namibia,NAM,2002,5.7696166,5.99755
Namibia,NAM,2003,5.8692327,6.0451007
Namibia,NAM,2004,5.968849,6.092651
Namibia,NAM,2005,6.0684657,6.1402016
Namibia,NAM,2006,6.13962,6.177415
Namibia,NAM,2007,6.2107744,6.253362
Namibia,NAM,2008,6.2933106,6.2518415
Namibia,NAM,2009,6.3530836,6.289055
Namibia,NAM,2010,6.424238,6.326268
Namibia,NAM,2011,6.580778,6.406897
Namibia,NAM,2012,6.737318,6.487526
Namibia,NAM,2013,6.893858,6.568155
Namibia,NAM,2014,7.050398,6.6487837
Namibia,NAM,2015,7.2069383,6.7294126
Namibia,NAM,2016,7.2679276,6.7748957
Namibia,NAM,2017,7.3289175,6.8203783
Namibia,NAM,2018,7.389907,6.8658614
Namibia,NAM,2019,7.4508963,6.9113445
Namibia,NAM,2020,7.511886,6.9568276
Namibia,NAM,2021,7.544414,6.996108
Namibia,NAM,2022,7.544414,6.996108
Namibia,NAM,2023,7.544414,6.996108
Nauru,NRU,2000,5.0109167,7.0614276
Nauru,NRU,2001,5.1712694,7.155156
Nauru,NRU,2002,5.3367534,7.250129
Nauru,NRU,2003,5.507533,7.346363
Nauru,NRU,2004,5.6837773,7.443874
Nauru,NRU,2005,5.865662,7.5426793
Nauru,NRU,2006,6.053367,7.642796
Nauru,NRU,2007,6.247079,7.744241
Nauru,NRU,2008,6.446989,7.8470335
Nauru,NRU,2009,6.653297,8.027099
Nauru,NRU,2010,6.8662066,8.211296
Nauru,NRU,2011,7.08593,8.39972
Nauru,NRU,2012,7.312684,8.592467
Nauru,NRU,2013,7.5466948,8.789638
Nauru,NRU,2014,7.7881937,8.991333
Nauru,NRU,2015,8.029693,9.193028
Nauru,NRU,2016,8.271192,9.394723
Nauru,NRU,2017,8.5126915,9.596418
Nauru,NRU,2018,8.75419,9.798113
Nauru,NRU,2019,8.937916,9.941306
Nauru,NRU,2020,9.121641,10.084498
Nauru,NRU,2021,9.3053665,10.227691
Nauru,NRU,2022,9.3053665,10.227691
Nauru,NRU,2023,9.3053665,10.227691
Nepal,NPL,1990,1.0328724,3.8436153
Nepal,NPL,1991,1.0857757,3.912209
Nepal,NPL,1992,1.1386789,3.9808028
Nepal,NPL,1993,1.1915822,4.0493965
Nepal,NPL,1994,1.2444854,4.11799
Nepal,NPL,1995,1.2973887,4.186584
Nepal,NPL,1996,1.3427342,4.2078714
Nepal,NPL,1997,1.3880799,4.2291594
Nepal,NPL,1998,1.4334255,4.2504473
Nepal,NPL,1999,1.4787711,4.2717347
Nepal,NPL,2000,1.5241168,4.2930226
Nepal,NPL,2001,1.64,4.39
Nepal,NPL,2002,1.708,4.444
Nepal,NPL,2003,1.776,4.4979997
Nepal,NPL,2004,1.844,4.552
Nepal,NPL,2005,1.912,4.606
Nepal,NPL,2006,1.9799999,4.66
Nepal,NPL,2007,2.0479999,4.7139997
Nepal,NPL,2008,2.116,4.7679996
Nepal,NPL,2009,2.184,4.822
Nepal,NPL,2010,2.2519999,4.876
Nepal,NPL,2011,2.32,4.93
Nepal,NPL,2012,2.3763099,4.97854
Nepal,NPL,2013,2.43262,5.02708
Nepal,NPL,2014,2.48893,5.0756197
Nepal,NPL,2015,2.5452402,5.12416
Nepal,NPL,2016,2.60155,5.1727
Nepal,NPL,2017,2.8165233,5.3156867
Nepal,NPL,2018,3.0314968,5.458673
Nepal,NPL,2019,3.24647,5.60166
Nepal,NPL,2020,3.359325,5.702985
Nepal,NPL,2021,3.47218,5.80431
Nepal,NPL,2022,3.47218,5.80431
Nepal,NPL,2023,3.47218,5.80431
Netherlands,NLD,1990,10.505767,11.709396
Netherlands,NLD,1991,10.584853,11.752367
Netherlands,NLD,1992,10.66394,11.795337
Netherlands,NLD,1993,10.743028,11.838307
Netherlands,NLD,1994,10.822115,11.881277
Netherlands,NLD,1995,10.901202,11.924248
Netherlands,NLD,1996,10.986702,11.986555
Netherlands,NLD,1997,11.072202,12.0488615
Netherlands,NLD,1998,11.1577015,12.111169
Netherlands,NLD,1999,11.2432,12.173475
Netherlands,NLD,2000,11.3287,12.235783
Netherlands,NLD,2001,11.341525,12.229337
Netherlands,NLD,2002,11.35435,12.222891
Netherlands,NLD,2003,11.367175,12.216446
Netherlands,NLD,2004,11.38,12.21
Netherlands,NLD,2005,11.38,12.22
Netherlands,NLD,2006,11.505,12.295
Netherlands,NLD,2007,11.63,12.37
Netherlands,NLD,2008,11.56,12.28
Netherlands,NLD,2009,11.61,12.29
Netherlands,NLD,2010,11.63,12.36
Netherlands,NLD,2011,11.64,12.29
Netherlands,NLD,2012,11.71,12.35
Netherlands,NLD,2013,11.73,12.42
Netherlands,NLD,2014,11.76,12.44
Netherlands,NLD,2015,11.82,12.46
Netherlands,NLD,2016,11.9,12.48
Netherlands,NLD,2017,11.99,12.525
Netherlands,NLD,2018,12.08,12.57
Netherlands,NLD,2019,12.215,12.695
Netherlands,NLD,2020,12.35,12.82
Netherlands,NLD,2021,12.458841,12.893315
Netherlands,NLD,2022,12.458841,12.893315
Netherlands,NLD,2023,12.458841,12.893315
New Zealand,NZL,1990,9.683103,10.618616
New Zealand,NZL,1991,9.98,10.84
New Zealand,NZL,1992,10.285999,11.066
New Zealand,NZL,1993,10.592,11.292
New Zealand,NZL,1994,10.898,11.518001
New Zealand,NZL,1995,11.2039995,11.744
New Zealand,NZL,1996,11.509999,11.97
New Zealand,NZL,1997,11.816,12.196
New Zealand,NZL,1998,12.122,12.422
New Zealand,NZL,1999,12.4279995,12.648001
New Zealand,NZL,2000,12.734,12.874001
New Zealand,NZL,2001,13.04,13.1
New Zealand,NZL,2002,13.09,13.150001
New Zealand,NZL,2003,13.14,13.200001
New Zealand,NZL,2004,13.19,13.25
New Zealand,NZL,2005,13.24,13.3
New Zealand,NZL,2006,13.29,13.35
New Zealand,NZL,2007,13.298,13.37
New Zealand,NZL,2008,13.306,13.39
New Zealand,NZL,2009,13.314,13.41
New Zealand,NZL,2010,13.322,13.43
New Zealand,NZL,2011,13.33,13.45
New Zealand,NZL,2012,13.34,13.42
New Zealand,NZL,2013,13.255,13.405001
New Zealand,NZL,2014,13.17,13.39
New Zealand,NZL,2015,13.15,13.32
New Zealand,NZL,2016,13.27,13.41
New Zealand,NZL,2017,13.1875,13.295
New Zealand,NZL,2018,13.1050005,13.18
New Zealand,NZL,2019,13.0225,13.065
New Zealand,NZL,2020,12.94,12.95
New Zealand,NZL,2021,12.898648,12.877489
New Zealand,NZL,2022,12.898648,12.877489
New Zealand,NZL,2023,12.898648,12.877489
Nicaragua,NIC,1990,4.257335,6.9953685
Nicaragua,NIC,1991,4.4462624,7.0518966
Nicaragua,NIC,1992,4.6351895,7.1084247
Nicaragua,NIC,1993,4.824117,7.164953
Nicaragua,NIC,1994,5.0130444,7.2214813
Nicaragua,NIC,1995,5.2019715,7.2780094
Nicaragua,NIC,1996,5.4271317,7.3175793
Nicaragua,NIC,1997,5.6522913,7.357149
Nicaragua,NIC,1998,5.8774514,7.396719
Nicaragua,NIC,1999,6.1026115,7.4362884
Nicaragua,NIC,2000,6.3277717,7.475858
Nicaragua,NIC,2001,6.4985824,7.538039
Nicaragua,NIC,2002,6.6693935,7.6002207
Nicaragua,NIC,2003,6.8402042,7.6624017
Nicaragua,NIC,2004,7.0110154,7.7245827
Nicaragua,NIC,2005,7.1818266,7.7867637
Nicaragua,NIC,2006,7.342285,7.8743825
Nicaragua,NIC,2007,7.502744,7.9620013
Nicaragua,NIC,2008,7.663203,8.04962
Nicaragua,NIC,2009,7.823662,8.1372385
Nicaragua,NIC,2010,7.9841204,8.224857
Nicaragua,NIC,2011,8.1834,8.388789
Nicaragua,NIC,2012,8.38268,8.552721
Nicaragua,NIC,2013,8.581959,8.716653
Nicaragua,NIC,2014,8.781239,8.880585
Nicaragua,NIC,2015,8.980518,9.044517
Nicaragua,NIC,2016,9.135801,9.199969
Nicaragua,NIC,2017,9.291083,9.355422
Nicaragua,NIC,2018,9.446366,9.510875
Nicaragua,NIC,2019,9.601649,9.666327
Nicaragua,NIC,2020,9.756932,9.82178
Nicaragua,NIC,2021,9.90445,9.9631
Nicaragua,NIC,2022,9.90445,9.9631
Nicaragua,NIC,2023,9.90445,9.9631
Niger,NER,1990,0.31734475,1.2206703
Niger,NER,1991,0.34907922,1.2742085
Niger,NER,1992,0.3808137,1.3277467
Niger,NER,1993,0.41254818,1.3812848
Niger,NER,1994,0.44428265,1.434823
Niger,NER,1995,0.47601712,1.4883612
Niger,NER,1996,0.5126338,1.548324
Niger,NER,1997,0.54925054,1.6082867
Niger,NER,1998,0.5858672,1.6682495
Niger,NER,1999,0.6224839,1.7282122
Niger,NER,2000,0.65910065,1.788175
Niger,NER,2001,0.69571733,1.8417132
Niger,NER,2002,0.732334,1.8952514
Niger,NER,2003,0.76895076,1.9487895
Niger,NER,2004,0.80556744,2.0023277
Niger,NER,2005,0.8421841,2.0558658
Niger,NER,2006,0.87635976,2.0815642
Niger,NER,2007,0.91053534,2.1072626
Niger,NER,2008,0.9447109,2.1329608
Niger,NER,2009,0.9788865,2.1586592
Niger,NER,2010,1.0130621,2.1843574
Niger,NER,2011,1.076531,2.2421787
Niger,NER,2012,1.14,2.3
Niger,NER,2013,1.094295,2.1958148
Niger,NER,2014,1.04859,2.09163
Niger,NER,2015,1.002885,1.987445
Niger,NER,2016,0.95717996,1.88326
Niger,NER,2017,0.911475,1.779075
Niger,NER,2018,0.86577,1.67489
Niger,NER,2019,0.915693,1.7238402
Niger,NER,2020,0.965616,1.7727904
Niger,NER,2021,1.0483831,1.8362933
Niger,NER,2022,1.0483831,1.8362933
Niger,NER,2023,1.0483831,1.8362933
Nigeria,NGA,1990,1.6523813,3.9572735
Nigeria,NGA,1991,1.7988793,4.1657095
Nigeria,NGA,1992,1.9453772,4.3741455
Nigeria,NGA,1993,2.0918753,4.5825815
Nigeria,NGA,1994,2.2383733,4.7910175
Nigeria,NGA,1995,2.3848712,4.9994535
Nigeria,NGA,1996,2.5313692,5.2078896
Nigeria,NGA,1997,2.6778672,5.416326
Nigeria,NGA,1998,2.8243651,5.624762
Nigeria,NGA,1999,2.970863,5.833198
Nigeria,NGA,2000,3.117361,6.041634
Nigeria,NGA,2001,3.263859,6.25007
Nigeria,NGA,2002,3.410357,6.458506
Nigeria,NGA,2003,3.556855,6.666942
Nigeria,NGA,2004,3.7992249,6.866428
Nigeria,NGA,2005,4.041595,7.065914
Nigeria,NGA,2006,4.2839646,7.2654
Nigeria,NGA,2007,4.526335,7.4648857
Nigeria,NGA,2008,4.7687044,7.6643715
Nigeria,NGA,2009,4.8146205,7.695519
Nigeria,NGA,2010,4.8605366,7.726666
Nigeria,NGA,2011,4.9064527,7.7578135
Nigeria,NGA,2012,4.9523683,7.7889605
Nigeria,NGA,2013,4.9982843,7.820108
Nigeria,NGA,2014,5.2139063,8.035332
Nigeria,NGA,2015,5.429528,8.250556
Nigeria,NGA,2016,5.64515,8.46578
Nigeria,NGA,2017,5.749655,8.234465
Nigeria,NGA,2018,5.85416,8.00315
Nigeria,NGA,2019,5.85736,8.73811
Nigeria,NGA,2020,6.206915,8.719234
Nigeria,NGA,2021,6.55647,8.70036
Nigeria,NGA,2022,6.55647,8.70036
Nigeria,NGA,2023,6.55647,8.70036
North America,,2000,10.495975,10.854557
North America,,2001,10.526413,10.873359
North America,,2002,10.553903,10.890818
North America,,2003,10.582394,10.910409
North America,,2004,10.612427,10.929978
North America,,2005,10.70032,10.95281
North America,,2006,10.8221445,11.118281
North America,,2007,10.888252,11.126238
North America,,2008,10.943658,11.180859
North America,,2009,11.022867,11.231501
North America,,2010,11.056584,11.208697
North America,,2011,11.140368,11.318488
North America,,2012,11.222868,11.419602
North America,,2013,11.269892,11.402566
North America,,2014,11.352096,11.440919
North America,,2015,11.391382,11.480345
North America,,2016,11.487027,11.558732
North America,,2017,11.573186,11.628947
North America,,2018,11.665813,11.7282715
North America,,2019,11.774331,11.8245325
North America,,2020,11.876197,11.905196
North America,,2021,11.867721,11.87033
North America,,2022,12.062161,12.054773
North America,,2023,12.058187,12.050731
North Macedonia,MKD,2000,5.8722734,7.3971868
North Macedonia,MKD,2001,6.1256695,7.6347775
North Macedonia,MKD,2002,6.39,7.88
North Macedonia,MKD,2003,6.6905575,8.1498785
North Macedonia,MKD,2004,6.991115,8.419758
North Macedonia,MKD,2005,7.291672,8.689636
North Macedonia,MKD,2006,7.59223,8.959516
North Macedonia,MKD,2007,7.8927875,9.229394
North Macedonia,MKD,2008,8.193345,9.499272
North Macedonia,MKD,2009,8.493902,9.769152
North Macedonia,MKD,2010,8.79446,10.03903
North Macedonia,MKD,2011,9.095017,10.308908
North Macedonia,MKD,2012,9.395576,10.578788
North Macedonia,MKD,2013,9.696133,10.848666
North Macedonia,MKD,2014,9.99669,11.118546
North Macedonia,MKD,2015,10.297248,11.388424
North Macedonia,MKD,2016,10.597805,11.658302
North Macedonia,MKD,2017,10.898363,11.928182
North Macedonia,MKD,2018,11.19892,12.19806
North Macedonia,MKD,2019,10.424459,11.50403
North Macedonia,MKD,2020,9.65,10.81
North Macedonia,MKD,2021,9.65,10.81
North Macedonia,MKD,2022,9.65,10.81
North Macedonia,MKD,2023,9.65,10.81
Norway,NOR,1990,11.53,11.91
Norway,NOR,1991,11.575,11.937857
Norway,NOR,1992,11.62,11.965714
Norway,NOR,1993,11.665,11.993571
Norway,NOR,1994,11.71,12.021428
Norway,NOR,1995,11.755,12.049286
Norway,NOR,1996,11.8,12.077143
Norway,NOR,1997,11.844999,12.1050005
Norway,NOR,1998,11.889999,12.132857
Norway,NOR,1999,11.934999,12.160714
Norway,NOR,2000,11.98,12.188572
Norway,NOR,2001,12.025,12.216429
Norway,NOR,2002,12.07,12.244286
Norway,NOR,2003,12.115,12.272143
Norway,NOR,2004,12.16,12.3
Norway,NOR,2005,12.22,12.35
Norway,NOR,2006,12.34,12.4
Norway,NOR,2007,12.39,12.43
Norway,NOR,2008,12.5,12.47
Norway,NOR,2009,12.52,12.48
Norway,NOR,2010,12.58,12.52
Norway,NOR,2011,12.66,12.56
Norway,NOR,2012,12.696667,12.593333
Norway,NOR,2013,12.733334,12.626667
Norway,NOR,2014,12.77,12.66
Norway,NOR,2015,12.84,12.7
Norway,NOR,2016,12.9,12.73
Norway,NOR,2017,13.05,12.84
Norway,NOR,2018,13.095,12.8550005
Norway,NOR,2019,13.14,12.87
Norway,NOR,2020,13.215338,12.912465
Norway,NOR,2021,13.291106,12.9550705
Norway,NOR,2022,13.291106,12.9550705
Norway,NOR,2023,13.291106,12.9550705
Oceania,,2010,10.086288,10.511297
Oceania,,2011,10.1807995,10.566164
Oceania,,2012,10.292762,10.691342
Oceania,,2013,10.135995,10.529839
Oceania,,2014,10.199457,10.660788
Oceania,,2015,10.2846,10.702481
Oceania,,2016,10.37722,10.76088
Oceania,,2017,10.369416,10.718236
Oceania,,2018,10.463693,10.760057
Oceania,,2019,10.5099535,10.819619
Oceania,,2020,10.5704155,10.822319
Oceania,,2021,10.628474,10.893036
Oceania,,2022,10.670995,10.914846
Oceania,,2023,10.656096,10.902676
Oman,OMN,2000,4.42896,6.0785804
Oman,OMN,2001,4.6872807,6.3378386
Oman,OMN,2002,4.9606676,6.608155
Oman,OMN,2003,5.25,6.89
Oman,OMN,2004,5.594,7.21
Oman,OMN,2005,5.9379997,7.5299997
Oman,OMN,2006,6.282,7.85
Oman,OMN,2007,6.626,8.17
Oman,OMN,2008,6.97,8.49
Oman,OMN,2009,7.2599998,8.315
Oman,OMN,2010,7.55,8.14
Oman,OMN,2011,8.154,8.3880005
Oman,OMN,2012,8.758,8.506
Oman,OMN,2013,9.3619995,8.884
Oman,OMN,2014,9.966,9.132
Oman,OMN,2015,10.57,9.38
Oman,OMN,2016,10.91,9.83
Oman,OMN,2017,11.25,10.28
Oman,OMN,2018,11.59,10.7300005
Oman,OMN,2019,11.93,11.18
Oman,OMN,2020,12.27,11.63
Oman,OMN,2021,12.27,11.66
Oman,OMN,2022,12.27,11.69
Oman,OMN,2023,12.27,11.69
Pakistan,PAK,1990,1.033449,3.6393769
Pakistan,PAK,1991,1.1165302,3.7263174
Pakistan,PAK,1992,1.1996114,3.8132582
Pakistan,PAK,1993,1.2826926,3.9001987
Pakistan,PAK,1994,1.3657738,3.9871395
Pakistan,PAK,1995,1.448855,4.07408
Pakistan,PAK,1996,1.542068,4.1832614
Pakistan,PAK,1997,1.6352811,4.292443
Pakistan,PAK,1998,1.7284942,4.401624
Pakistan,PAK,1999,1.8217072,4.510805
Pakistan,PAK,2000,1.9149202,4.6199865
Pakistan,PAK,2001,2.1175573,4.923268
Pakistan,PAK,2002,2.3201945,5.2265496
Pakistan,PAK,2003,2.5228314,5.529831
Pakistan,PAK,2004,2.7254684,5.8331122
Pakistan,PAK,2005,2.9281056,6.1363935
Pakistan,PAK,2006,2.92,6.1
Pakistan,PAK,2007,2.9,6.0699997
Pakistan,PAK,2008,2.88,6.04
Pakistan,PAK,2009,2.88,6.03
Pakistan,PAK,2010,2.97,6.17
Pakistan,PAK,2011,3.11,6.35
Pakistan,PAK,2012,3.44,6.26
Pakistan,PAK,2013,3.54,6.31
Pakistan,PAK,2014,3.76,6.5
Pakistan,PAK,2015,3.8066666,6.46
Pakistan,PAK,2016,3.8533335,6.42
Pakistan,PAK,2017,3.9,6.38
Pakistan,PAK,2018,3.61991,5.94052
Pakistan,PAK,2019,3.9,5.04
Pakistan,PAK,2020,3.933024,4.799038
Pakistan,PAK,2021,3.9663274,4.569596
Pakistan,PAK,2022,3.9663274,4.569596
Pakistan,PAK,2023,3.9663274,4.569596
Palau,PLW,2010,12.675236,12.606187
Palau,PLW,2011,12.733491,12.6641245
Palau,PLW,2012,12.791745,12.722062
Palau,PLW,2013,12.85,12.78
Palau,PLW,2014,12.909061,12.838738
Palau,PLW,2015,12.968393,12.897748
Palau,PLW,2016,13.027998,12.957027
Palau,PLW,2017,13.087876,13.016581
Palau,PLW,2018,13.14803,13.0764065
Palau,PLW,2019,13.208461,13.136508
Palau,PLW,2020,13.269169,13.196885
Palau,PLW,2021,13.330156,13.25754
Palau,PLW,2022,13.330156,13.25754
Palau,PLW,2023,13.330156,13.25754
Palestine,PSE,2004,6.59,8.47
Palestine,PSE,2005,6.77,8.495
Palestine,PSE,2006,6.95,8.52
Palestine,PSE,2007,7.18,8.64
Palestine,PSE,2008,7.36,8.67
Palestine,PSE,2009,7.65,8.96
Palestine,PSE,2010,7.77,8.96
Palestine,PSE,2011,8,9.14
Palestine,PSE,2012,8.37,9.33
Palestine,PSE,2013,8.48,9.26
Palestine,PSE,2014,8.55,9.28
Palestine,PSE,2015,8.78,9.37
Palestine,PSE,2016,8.94,9.37
Palestine,PSE,2017,9.13,9.42
Palestine,PSE,2018,9.42,9.63
Palestine,PSE,2019,9.67,9.795
Palestine,PSE,2020,9.92,9.96
Palestine,PSE,2021,10.07,9.995
Palestine,PSE,2022,10.22,10.03
Palestine,PSE,2023,10.22,10.03
Panama,PAN,1990,7.48,7.34
Panama,PAN,1991,7.533,7.381
Panama,PAN,1992,7.586,7.422
Panama,PAN,1993,7.639,7.4630003
Panama,PAN,1994,7.692,7.504
Panama,PAN,1995,7.7450004,7.545
Panama,PAN,1996,7.7980003,7.586
Panama,PAN,1997,7.8510003,7.627
Panama,PAN,1998,7.9040003,7.668
Panama,PAN,1999,7.9570003,7.709
Panama,PAN,2000,8.01,7.75
Panama,PAN,2001,8.159,7.88
Panama,PAN,2002,8.308001,8.01
Panama,PAN,2003,8.457,8.14
Panama,PAN,2004,8.606,8.27
Panama,PAN,2005,8.755,8.4
Panama,PAN,2006,8.904,8.53
Panama,PAN,2007,9.053,8.66
Panama,PAN,2008,9.202,8.79
Panama,PAN,2009,9.351,8.92
Panama,PAN,2010,9.5,9.05
Panama,PAN,2011,9.643333,9.184444
Panama,PAN,2012,9.786667,9.318889
Panama,PAN,2013,9.93,9.453334
Panama,PAN,2014,10.073334,9.587778
Panama,PAN,2015,10.216666,9.722222
Panama,PAN,2016,10.36,9.856667
Panama,PAN,2017,10.503333,9.991112
Panama,PAN,2018,10.646667,10.125556
Panama,PAN,2019,10.79,10.26
Panama,PAN,2020,10.93934,10.399999
Panama,PAN,2021,11.090746,10.541906
Panama,PAN,2022,11.090746,10.541906
Panama,PAN,2023,11.090746,10.541906
Papua New Guinea,PNG,1990,1.5987403,3.2277033
Papua New Guinea,PNG,1991,1.6679851,3.4142394
Papua New Guinea,PNG,1992,1.73723,3.6007755
Papua New Guinea,PNG,1993,1.8064747,3.7873116
Papua New Guinea,PNG,1994,1.8757195,3.9738476
Papua New Guinea,PNG,1995,1.9449643,4.1603837
Papua New Guinea,PNG,1996,2.0284653,4.2274528
Papua New Guinea,PNG,1997,2.1119664,4.294522
Papua New Guinea,PNG,1998,2.1954675,4.3615913
Papua New Guinea,PNG,1999,2.2789686,4.4286604
Papua New Guinea,PNG,2000,2.3624697,4.4957294
Papua New Guinea,PNG,2001,2.4378242,4.5397434
Papua New Guinea,PNG,2002,2.513179,4.583758
Papua New Guinea,PNG,2003,2.5885336,4.627772
Papua New Guinea,PNG,2004,2.6638882,4.671786
Papua New Guinea,PNG,2005,2.739243,4.7158003
Papua New Guinea,PNG,2006,2.832927,4.784965
Papua New Guinea,PNG,2007,2.9266112,4.8541303
Papua New Guinea,PNG,2008,3.0202954,4.9232955
Papua New Guinea,PNG,2009,3.1139796,4.9924603
Papua New Guinea,PNG,2010,3.2076635,5.0616255
Papua New Guinea,PNG,2011,3.3481898,5.1580377
Papua New Guinea,PNG,2012,3.4887161,5.2544494
Papua New Guinea,PNG,2013,3.6292422,5.350861
Papua New Guinea,PNG,2014,3.7697685,5.4472733
Papua New Guinea,PNG,2015,3.9102948,5.543685
Papua New Guinea,PNG,2016,3.971393,5.56674
Papua New Guinea,PNG,2017,4.032491,5.589795
Papua New Guinea,PNG,2018,4.09359,5.61285
Papua New Guinea,PNG,2019,4.1546884,5.6359053
Papua New Guinea,PNG,2020,4.2157865,5.6589603
Papua New Guinea,PNG,2021,4.2667017,5.663152
Papua New Guinea,PNG,2022,4.2667017,5.663152
Papua New Guinea,PNG,2023,4.2667017,5.663152
Paraguay,PRY,1990,5.487346,6.013851
Paraguay,PRY,1991,5.6024656,6.1012897
Paraguay,PRY,1992,5.72,6.19
Paraguay,PRY,1993,5.8399997,6.28
Paraguay,PRY,1994,5.96,6.37
Paraguay,PRY,1995,6.08,6.46
Paraguay,PRY,1996,6.2,6.55
Paraguay,PRY,1997,6.3199997,6.64
Paraguay,PRY,1998,6.44,6.73
Paraguay,PRY,1999,6.56,6.8199997
Paraguay,PRY,2000,6.68,6.91
Paraguay,PRY,2001,6.7999997,7
Paraguay,PRY,2002,6.92,7.0899997
Paraguay,PRY,2003,7.04,7.18
Paraguay,PRY,2004,7.1099997,7.355
Paraguay,PRY,2005,7.18,7.53
Paraguay,PRY,2006,6.88,7.27
Paraguay,PRY,2007,6.99,7.33
Paraguay,PRY,2008,7.28,7.5
Paraguay,PRY,2009,6.7,7.37
Paraguay,PRY,2010,7.0533333,7.5099998
Paraguay,PRY,2011,7.4066668,7.65
Paraguay,PRY,2012,7.76,7.79
Paraguay,PRY,2013,8.31,8.26
Paraguay,PRY,2014,8.24,8.26
Paraguay,PRY,2015,8.52,8.53
Paraguay,PRY,2016,8.38,8.32
Paraguay,PRY,2017,8.485001,8.45
Paraguay,PRY,2018,8.59,8.58
Paraguay,PRY,2019,8.81,8.81
Paraguay,PRY,2020,8.86,8.87
Paraguay,PRY,2021,8.930453,8.940973
Paraguay,PRY,2022,8.930453,8.940973
Paraguay,PRY,2023,8.930453,8.940973
Peru,PER,1990,6.838561,8.775679
Peru,PER,1991,6.9311156,8.793748
Peru,PER,1992,7.024923,8.811855
Peru,PER,1993,7.12,8.83
Peru,PER,1994,7.2163634,8.848182
Peru,PER,1995,7.3127275,8.866364
Peru,PER,1996,7.409091,8.884545
Peru,PER,1997,7.5054545,8.902727
Peru,PER,1998,7.601818,8.920909
Peru,PER,1999,7.698182,8.939091
Peru,PER,2000,7.7945457,8.957273
Peru,PER,2001,7.890909,8.975454
Peru,PER,2002,7.9872727,8.993636
Peru,PER,2003,8.083636,9.011818
Peru,PER,2004,8.18,9.03
Peru,PER,2005,7.39,8.48
Peru,PER,2006,7.28,8.64
Peru,PER,2007,7.51,8.92
Peru,PER,2008,7.51,8.92
Peru,PER,2009,7.54,8.96
Peru,PER,2010,8.2,9.54
Peru,PER,2011,8.31,9.47
Peru,PER,2012,8.52,9.66
Peru,PER,2013,8.62,9.67
Peru,PER,2014,8.53,9.77
Peru,PER,2015,8.6,9.6
Peru,PER,2016,8.8,9.84
Peru,PER,2017,9,10.08
Peru,PER,2018,9.2,10.32
Peru,PER,2019,9.321386,10.456514
Peru,PER,2020,9.444374,10.594834
Peru,PER,2021,9.568984,10.734984
Peru,PER,2022,9.568984,10.734984
Peru,PER,2023,9.568984,10.734984
Philippines,PHL,1990,7.08,7.28
Philippines,PHL,1991,7.132,7.3050003
Philippines,PHL,1992,7.184,7.3300004
Philippines,PHL,1993,7.236,7.355
Philippines,PHL,1994,7.288,7.38
Philippines,PHL,1995,7.3399997,7.405
Philippines,PHL,1996,7.3919997,7.4300003
Philippines,PHL,1997,7.444,7.4550004
Philippines,PHL,1998,7.496,7.48
Philippines,PHL,1999,7.548,7.505
Philippines,PHL,2000,7.6,7.53
Philippines,PHL,2001,7.9049997,7.7650003
Philippines,PHL,2002,8.21,8
Philippines,PHL,2003,8.514999,8.235001
Philippines,PHL,2004,8.82,8.47
Philippines,PHL,2005,8.827499,8.495
Philippines,PHL,2006,8.835,8.52
Philippines,PHL,2007,8.842501,8.545
Philippines,PHL,2008,8.85,8.57
Philippines,PHL,2009,8.94,8.679999
Philippines,PHL,2010,9.03,8.79
Philippines,PHL,2011,9.123333,8.853333
Philippines,PHL,2012,9.216667,8.916666
Philippines,PHL,2013,9.31,8.98
Philippines,PHL,2014,9.095,8.7074995
Philippines,PHL,2015,8.88,8.434999
Philippines,PHL,2016,8.665,8.162499
Philippines,PHL,2017,8.45,7.89
Philippines,PHL,2018,8.84,8.295
Philippines,PHL,2019,9.23,8.7
Philippines,PHL,2020,9.12,8.66
Philippines,PHL,2021,9.64343,9.22042
Philippines,PHL,2022,10.16686,9.78084
Philippines,PHL,2023,10.16686,9.78084
Poland,POL,1990,9.498681,10.412014
Poland,POL,1991,9.683142,10.517972
Poland,POL,1992,9.867602,10.62393
Poland,POL,1993,10.052064,10.729889
Poland,POL,1994,10.236525,10.835847
Poland,POL,1995,10.420985,10.941805
Poland,POL,1996,10.54608,11.054251
Poland,POL,1997,10.671174,11.166696
Poland,POL,1998,10.796268,11.279141
Poland,POL,1999,10.921363,11.391586
Poland,POL,2000,11.046457,11.504032
Poland,POL,2001,11.148229,11.597016
Poland,POL,2002,11.25,11.69
Poland,POL,2003,11.39,11.783333
Poland,POL,2004,11.53,11.876666
Poland,POL,2005,11.67,11.969999
Poland,POL,2006,11.81,12.0633335
Poland,POL,2007,11.95,12.156667
Poland,POL,2008,12.09,12.25
Poland,POL,2009,12.3,12.39
Poland,POL,2010,12.3,12.33
Poland,POL,2011,12.56,12.54
Poland,POL,2012,12.79,12.78
Poland,POL,2013,12.81,12.74
Poland,POL,2014,12.88,12.79
Poland,POL,2015,13,12.83
Poland,POL,2016,13.12,12.87
Poland,POL,2017,13.175,12.8949995
Poland,POL,2018,13.2300005,12.92
Poland,POL,2019,13.285,12.945
Poland,POL,2020,13.34,12.97
Poland,POL,2021,13.409087,12.998184
Poland,POL,2022,13.409087,12.998184
Poland,POL,2023,13.409087,12.998184
Portugal,PRT,1990,4.924157,5.6724114
Portugal,PRT,1991,5.11,5.82
Portugal,PRT,1992,5.3028574,5.971429
Portugal,PRT,1993,5.495714,6.122857
Portugal,PRT,1994,5.6885715,6.274286
Portugal,PRT,1995,5.8814287,6.4257145
Portugal,PRT,1996,6.074286,6.577143
Portugal,PRT,1997,6.267143,6.7285714
Portugal,PRT,1998,6.46,6.88
Portugal,PRT,1999,6.51,6.93
Portugal,PRT,2000,6.61,7
Portugal,PRT,2001,6.71,7.07
Portugal,PRT,2002,6.83,7.11
Portugal,PRT,2003,7.04,7.28
Portugal,PRT,2004,7.28,7.51
Portugal,PRT,2005,7.39,7.61
Portugal,PRT,2006,7.53,7.72
Portugal,PRT,2007,7.62,7.73
Portugal,PRT,2008,7.74,7.83
Portugal,PRT,2009,7.89,7.97
Portugal,PRT,2010,8.06,8.05
Portugal,PRT,2011,8.26,8.29
Portugal,PRT,2012,8.49,8.5
Portugal,PRT,2013,8.67,8.63
Portugal,PRT,2014,8.91,8.83
Portugal,PRT,2015,9.02,8.95
Portugal,PRT,2016,9.15,9.07
Portugal,PRT,2017,9.28,9.15
Portugal,PRT,2018,9.22,9.05
Portugal,PRT,2019,9.36,9.28
Portugal,PRT,2020,9.61,9.54
Portugal,PRT,2021,9.7331,9.6635065
Portugal,PRT,2022,9.7331,9.6635065
Portugal,PRT,2023,9.7331,9.6635065
Qatar,QAT,1990,6.875542,6.233333
Qatar,QAT,1991,7.068879,6.339583
Qatar,QAT,1992,7.262216,6.445833
Qatar,QAT,1993,7.455553,6.552083
Qatar,QAT,1994,7.6488895,6.6583333
Qatar,QAT,1995,7.8422265,6.764583
Qatar,QAT,1996,7.970312,6.8755555
Qatar,QAT,1997,8.098398,6.9865274
Qatar,QAT,1998,8.226483,7.0975
Qatar,QAT,1999,8.354569,7.2084723
Qatar,QAT,2000,8.482655,7.319444
Qatar,QAT,2001,8.646992,7.487083
Qatar,QAT,2002,8.811328,7.654722
Qatar,QAT,2003,8.975664,7.822361
Qatar,QAT,2004,9.14,7.99
Qatar,QAT,2005,9.476666,8.43
Qatar,QAT,2006,9.8133335,8.87
Qatar,QAT,2007,10.15,9.31
Qatar,QAT,2008,10.36,9.43
Qatar,QAT,2009,10.54,8.89
Qatar,QAT,2010,10.04,8.19
Qatar,QAT,2011,9.86,8.36
Qatar,QAT,2012,10.45,8.81
Qatar,QAT,2013,10.67,9.59
Qatar,QAT,2014,10.91,9.45
Qatar,QAT,2015,10.995,9.395
Qatar,QAT,2016,11.08,9.34
Qatar,QAT,2017,11.27,9.37
Qatar,QAT,2018,11.562,9.544
Qatar,QAT,2019,11.854,9.717999
Qatar,QAT,2020,12.146,9.892
Qatar,QAT,2021,12.438,10.066
Qatar,QAT,2022,12.73,10.24
Qatar,QAT,2023,12.73,10.24
Romania,ROU,1990,7.7383227,9.336413
Romania,ROU,1991,7.843447,9.422807
Romania,ROU,1992,7.95,9.51
Romania,ROU,1993,8.058,9.598001
Romania,ROU,1994,8.165999,9.686
Romania,ROU,1995,8.274,9.774
Romania,ROU,1996,8.382,9.862
Romania,ROU,1997,8.49,9.95
Romania,ROU,1998,8.598,10.038
Romania,ROU,1999,8.705999,10.126
Romania,ROU,2000,8.814,10.214001
Romania,ROU,2001,8.922,10.302
Romania,ROU,2002,9.03,10.39
Romania,ROU,2003,9.236,10.5460005
Romania,ROU,2004,9.442,10.702001
Romania,ROU,2005,9.648,10.858
Romania,ROU,2006,9.854,11.014
Romania,ROU,2007,10.06,11.17
Romania,ROU,2008,10.19,11.21
Romania,ROU,2009,10.25,11.19
Romania,ROU,2010,10.29,11.22
Romania,ROU,2011,10.44,11.32
Romania,ROU,2012,10.57,11.38
Romania,ROU,2013,10.66,11.42
Romania,ROU,2014,10.5,11.25
Romania,ROU,2015,10.62,11.38
Romania,ROU,2016,10.73,11.46
Romania,ROU,2017,10.83,11.49
Romania,ROU,2018,10.91,11.535
Romania,ROU,2019,10.99,11.58
Romania,ROU,2020,11.1,11.69
Romania,ROU,2021,11.18,11.76
Romania,ROU,2022,11.3,11.82
Romania,ROU,2023,11.3,11.82
Russia,RUS,1990,9.402723,9.977407
Russia,RUS,1991,9.643415,10.104336
Russia,RUS,1992,9.884107,10.231264
Russia,RUS,1993,10.124799,10.358192
Russia,RUS,1994,10.365491,10.485121
Russia,RUS,1995,10.579981,10.612049
Russia,RUS,1996,10.932353,10.863826
Russia,RUS,1997,11.258524,11.115602
Russia,RUS,1998,11.584695,11.367377
Russia,RUS,1999,11.910867,11.619154
Russia,RUS,2000,12.237038,11.87093
Russia,RUS,2001,12.313519,11.910464
Russia,RUS,2002,12.39,11.95
Russia,RUS,2003,12.385,11.997499
Russia,RUS,2004,12.38,12.045
Russia,RUS,2005,12.375,12.0925
Russia,RUS,2006,12.37,12.14
Russia,RUS,2007,12.365001,12.1875
Russia,RUS,2008,12.360001,12.235
Russia,RUS,2009,12.3550005,12.2825
Russia,RUS,2010,12.35,12.33
Russia,RUS,2011,12.361818,12.329091
Russia,RUS,2012,12.373636,12.328181
Russia,RUS,2013,12.385455,12.327272
Russia,RUS,2014,12.397273,12.326364
Russia,RUS,2015,12.409091,12.325455
Russia,RUS,2016,12.420909,12.324545
Russia,RUS,2017,12.432727,12.323636
Russia,RUS,2018,12.444545,12.322727
Russia,RUS,2019,12.456364,12.321818
Russia,RUS,2020,12.468182,12.320909
Russia,RUS,2021,12.48,12.32
Russia,RUS,2022,12.48,12.32
Russia,RUS,2023,12.48,12.32
Rwanda,RWA,1990,1.1408067,2.9202867
Rwanda,RWA,1991,1.1988138,2.949129
Rwanda,RWA,1992,1.2568209,2.9779713
Rwanda,RWA,1993,1.314828,3.0068138
Rwanda,RWA,1994,1.3728352,3.0356562
Rwanda,RWA,1995,1.4308423,3.0644984
Rwanda,RWA,1996,1.5120522,3.0981479
Rwanda,RWA,1997,1.5932622,3.1317973
Rwanda,RWA,1998,1.6744721,3.1654465
Rwanda,RWA,1999,1.7556821,3.199096
Rwanda,RWA,2000,1.836892,3.2327454
Rwanda,RWA,2001,1.9490391,3.3505182
Rwanda,RWA,2002,2.0611863,3.4682913
Rwanda,RWA,2003,2.1733334,3.586064
Rwanda,RWA,2004,2.2854805,3.703837
Rwanda,RWA,2005,2.3976276,3.8216097
Rwanda,RWA,2006,2.5600474,3.9417863
Rwanda,RWA,2007,2.7224674,4.0619626
Rwanda,RWA,2008,2.8848872,4.182139
Rwanda,RWA,2009,3.0473073,4.302315
Rwanda,RWA,2010,3.209727,4.422492
Rwanda,RWA,2011,3.2348635,4.391246
Rwanda,RWA,2012,3.26,4.36
Rwanda,RWA,2013,3.4199998,4.5
Rwanda,RWA,2014,3.58,4.64
Rwanda,RWA,2015,3.65209,4.66895
Rwanda,RWA,2016,3.7413933,4.7193003
Rwanda,RWA,2017,3.8306968,4.76965
Rwanda,RWA,2018,3.92,4.82
Rwanda,RWA,2019,4.221035,5.0859604
Rwanda,RWA,2020,4.52207,5.35192
Rwanda,RWA,2021,4.506035,5.3359604
Rwanda,RWA,2022,4.49,5.32
Rwanda,RWA,2023,4.49,5.32
Saint Kitts and Nevis,KNA,2005,8.512123,8.536469
Saint Kitts and Nevis,KNA,2006,8.74518,8.722577
Saint Kitts and Nevis,KNA,2007,8.984486,8.912742
Saint Kitts and Nevis,KNA,2008,9.230205,9.107052
Saint Kitts and Nevis,KNA,2009,9.482506,9.305599
Saint Kitts and Nevis,KNA,2010,9.741563,9.508474
Saint Kitts and Nevis,KNA,2011,10.007554,9.715774
Saint Kitts and Nevis,KNA,2012,10.280663,9.927591
Saint Kitts and Nevis,KNA,2013,10.561076,10.144027
Saint Kitts and Nevis,KNA,2014,10.84149,10.360462
Saint Kitts and Nevis,KNA,2015,11.121903,10.576899
Saint Kitts and Nevis,KNA,2016,11.121903,10.576899
Saint Kitts and Nevis,KNA,2017,11.121903,10.576899
Saint Kitts and Nevis,KNA,2018,11.121903,10.576899
Saint Kitts and Nevis,KNA,2019,11.121903,10.576899
Saint Kitts and Nevis,KNA,2020,11.121903,10.576899
Saint Kitts and Nevis,KNA,2021,11.121903,10.576899
Saint Kitts and Nevis,KNA,2022,11.121903,10.576899
Saint Kitts and Nevis,KNA,2023,11.121903,10.576899
Saint Lucia,LCA,1990,6.6199336,6.5025024
Saint Lucia,LCA,1991,6.72,6.58
Saint Lucia,LCA,1992,6.8215785,6.658421
Saint Lucia,LCA,1993,6.9231577,6.736842
Saint Lucia,LCA,1994,7.0247364,6.8152633
Saint Lucia,LCA,1995,7.1263156,6.893684
Saint Lucia,LCA,1996,7.2278943,6.972105
Saint Lucia,LCA,1997,7.3294735,7.050526
Saint Lucia,LCA,1998,7.431052,7.1289473
Saint Lucia,LCA,1999,7.5326314,7.2073684
Saint Lucia,LCA,2000,7.63421,7.2857895
Saint Lucia,LCA,2001,7.7357893,7.36421
Saint Lucia,LCA,2002,7.837368,7.4426312
Saint Lucia,LCA,2003,7.938947,7.5210524
Saint Lucia,LCA,2004,8.040526,7.5994735
Saint Lucia,LCA,2005,8.142105,7.6778946
Saint Lucia,LCA,2006,8.243684,7.7563157
Saint Lucia,LCA,2007,8.345263,7.8347363
Saint Lucia,LCA,2008,8.446842,7.9131575
Saint Lucia,LCA,2009,8.548421,7.9915786
Saint Lucia,LCA,2010,8.65,8.07
Saint Lucia,LCA,2011,8.636666,8.073333
Saint Lucia,LCA,2012,8.623333,8.076667
Saint Lucia,LCA,2013,8.61,8.08
Saint Lucia,LCA,2014,8.641666,8.115
Saint Lucia,LCA,2015,8.673333,8.15
Saint Lucia,LCA,2016,8.705,8.185
Saint Lucia,LCA,2017,8.736667,8.22
Saint Lucia,LCA,2018,8.768333,8.255
Saint Lucia,LCA,2019,8.8,8.29
Saint Lucia,LCA,2020,8.832013,8.32545
Saint Lucia,LCA,2021,8.864143,8.3610525
Saint Lucia,LCA,2022,8.864143,8.3610525
Saint Lucia,LCA,2023,8.864143,8.3610525
Saint Vincent and the Grenadines,VCT,2000,9.474427,9.326932
Saint Vincent and the Grenadines,VCT,2001,9.55413,9.405394
Saint Vincent and the Grenadines,VCT,2002,9.634503,9.484515
Saint Vincent and the Grenadines,VCT,2003,9.715552,9.564303
Saint Vincent and the Grenadines,VCT,2004,9.797284,9.644762
Saint Vincent and the Grenadines,VCT,2005,9.879703,9.725898
Saint Vincent and the Grenadines,VCT,2006,9.962814,9.807715
Saint Vincent and the Grenadines,VCT,2007,10.046626,9.890223
Saint Vincent and the Grenadines,VCT,2008,10.131142,9.973423
Saint Vincent and the Grenadines,VCT,2009,10.21637,10.057323
Saint Vincent and the Grenadines,VCT,2010,10.302314,10.14193
Saint Vincent and the Grenadines,VCT,2011,10.388981,10.227247
Saint Vincent and the Grenadines,VCT,2012,10.476377,10.313283
Saint Vincent and the Grenadines,VCT,2013,10.564508,10.400043
Saint Vincent and the Grenadines,VCT,2014,10.653381,10.487532
Saint Vincent and the Grenadines,VCT,2015,10.742254,10.575022
Saint Vincent and the Grenadines,VCT,2016,10.831127,10.662511
Saint Vincent and the Grenadines,VCT,2017,10.92,10.75
Saint Vincent and the Grenadines,VCT,2018,11.098786,10.849788
Saint Vincent and the Grenadines,VCT,2019,11.201894,10.961889
Saint Vincent and the Grenadines,VCT,2020,11.305002,11.073991
Saint Vincent and the Grenadines,VCT,2021,11.40811,11.186092
Saint Vincent and the Grenadines,VCT,2022,11.40811,11.186092
Saint Vincent and the Grenadines,VCT,2023,11.40811,11.186092
Samoa,WSM,1990,10.238052,10.038533
Samoa,WSM,1991,10.308483,10.106331
Samoa,WSM,1992,10.379399,10.174585
Samoa,WSM,1993,10.450803,10.243301
Samoa,WSM,1994,10.5226965,10.312481
Samoa,WSM,1995,10.595086,10.382128
Samoa,WSM,1996,10.6679735,10.452246
Samoa,WSM,1997,10.741362,10.522837
Samoa,WSM,1998,10.815255,10.5939045
Samoa,WSM,1999,10.889657,10.665452
Samoa,WSM,2000,10.964571,10.737483
Samoa,WSM,2001,11.04,10.81
Samoa,WSM,2002,11.117,10.884001
Samoa,WSM,2003,11.194,10.958
Samoa,WSM,2004,11.271,11.032001
Samoa,WSM,2005,11.348001,11.106
Samoa,WSM,2006,11.425,11.18
Samoa,WSM,2007,11.502,11.254001
Samoa,WSM,2008,11.579,11.328
Samoa,WSM,2009,11.656,11.402
Samoa,WSM,2010,11.733001,11.476
Samoa,WSM,2011,11.81,11.55
Samoa,WSM,2012,11.805378,11.483999
Samoa,WSM,2013,11.8007555,11.417997
Samoa,WSM,2014,11.796133,11.351996
Samoa,WSM,2015,11.791511,11.2859955
Samoa,WSM,2016,11.786887,11.219994
Samoa,WSM,2017,11.782265,11.153993
Samoa,WSM,2018,11.777642,11.087991
Samoa,WSM,2019,11.77302,11.02199
Samoa,WSM,2020,11.768403,10.957149
Samoa,WSM,2021,11.763787,10.892689
Samoa,WSM,2022,11.763787,10.892689
Samoa,WSM,2023,11.763787,10.892689
San Marino,SMR,1990,8.719138,7.5265074
San Marino,SMR,1991,8.788934,7.621418
San Marino,SMR,1992,8.859287,7.7175255
San Marino,SMR,1993,8.930204,7.814845
San Marino,SMR,1994,9.001689,7.9133916
San Marino,SMR,1995,9.073746,8.013181
San Marino,SMR,1996,9.146379,8.114228
San Marino,SMR,1997,9.219594,8.216551
San Marino,SMR,1998,9.293395,8.320163
San Marino,SMR,1999,9.367787,8.425082
San Marino,SMR,2000,9.442775,8.531323
San Marino,SMR,2001,9.518362,8.638906
San Marino,SMR,2002,9.594555,8.747844
San Marino,SMR,2003,9.671357,8.858155
San Marino,SMR,2004,9.748775,8.969858
San Marino,SMR,2005,9.826812,9.08297
San Marino,SMR,2006,9.905474,9.197508
San Marino,SMR,2007,9.984765,9.31349
San Marino,SMR,2008,10.064691,9.430935
San Marino,SMR,2009,10.145257,9.549861
San Marino,SMR,2010,10.226468,9.670286
San Marino,SMR,2011,10.308329,9.792231
San Marino,SMR,2012,10.390845,9.915712
San Marino,SMR,2013,10.474022,10.040751
San Marino,SMR,2014,10.557864,10.167367
San Marino,SMR,2015,10.642378,10.29558
San Marino,SMR,2016,10.727568,10.425409
San Marino,SMR,2017,10.81344,10.556875
San Marino,SMR,2018,10.9,10.69
San Marino,SMR,2019,11.134999,10.884999
San Marino,SMR,2020,11.37,11.08
San Marino,SMR,2021,11.3550005,11.2300005
San Marino,SMR,2022,11.34,11.38
San Marino,SMR,2023,11.34,11.38
Sao Tome and Principe,STP,1990,3.3247943,4.7459016
Sao Tome and Principe,STP,1991,3.3765385,4.800717
Sao Tome and Principe,STP,1992,3.4290879,4.8561654
Sao Tome and Principe,STP,1993,3.4824553,4.912255
Sao Tome and Principe,STP,1994,3.536653,4.9689918
Sao Tome and Principe,STP,1995,3.5916944,5.026384
Sao Tome and Principe,STP,1996,3.647592,5.084439
Sao Tome and Principe,STP,1997,3.70436,5.1431646
Sao Tome and Principe,STP,1998,3.7620113,5.2025685
Sao Tome and Principe,STP,1999,3.82056,5.2626586
Sao Tome and Principe,STP,2000,3.8800197,5.3234425
Sao Tome and Principe,STP,2001,3.940405,5.3849287
Sao Tome and Principe,STP,2002,4.0017295,5.447125
Sao Tome and Principe,STP,2003,4.064009,5.51004
Sao Tome and Principe,STP,2004,4.127258,5.5736814
Sao Tome and Principe,STP,2005,4.1914907,5.6380577
Sao Tome and Principe,STP,2006,4.2567234,5.7031775
Sao Tome and Principe,STP,2007,4.322971,5.7690496
Sao Tome and Principe,STP,2008,4.3902497,5.835683
Sao Tome and Principe,STP,2009,4.4585757,5.903085
Sao Tome and Principe,STP,2010,4.527965,5.9712663
Sao Tome and Principe,STP,2011,4.598434,6.040235
Sao Tome and Principe,STP,2012,4.67,6.11
Sao Tome and Principe,STP,2013,4.744977,6.18222
Sao Tome and Principe,STP,2014,4.8199544,6.2544403
Sao Tome and Principe,STP,2015,4.8949313,6.32666
Sao Tome and Principe,STP,2016,4.9699087,6.39888
Sao Tome and Principe,STP,2017,5.0448856,6.4711
Sao Tome and Principe,STP,2018,5.119863,6.54332
Sao Tome and Principe,STP,2019,5.19484,6.61554
Sao Tome and Principe,STP,2020,5.2732463,6.690224
Sao Tome and Principe,STP,2021,5.3528357,6.765752
Sao Tome and Principe,STP,2022,5.3528357,6.765752
Sao Tome and Principe,STP,2023,5.3528357,6.765752
Saudi Arabia,SAU,1990,3.506484,6.872058
Saudi Arabia,SAU,1991,3.6494482,6.937409
Saudi Arabia,SAU,1992,3.7924123,7.0027595
Saudi Arabia,SAU,1993,3.9353762,7.0681105
Saudi Arabia,SAU,1994,4.0783405,7.1334615
Saudi Arabia,SAU,1995,4.2213044,7.1988125
Saudi Arabia,SAU,1996,4.3990436,7.3070498
Saudi Arabia,SAU,1997,4.5767827,7.4152875
Saudi Arabia,SAU,1998,4.754522,7.5235248
Saudi Arabia,SAU,1999,4.932261,7.6317625
Saudi Arabia,SAU,2000,5.11,7.74
Saudi Arabia,SAU,2001,5.505,7.8199997
Saudi Arabia,SAU,2002,5.9,7.9
Saudi Arabia,SAU,2003,6.295,7.98
Saudi Arabia,SAU,2004,6.69,8.06
Saudi Arabia,SAU,2005,6.9466667,8.283334
Saudi Arabia,SAU,2006,7.2033334,8.506667
Saudi Arabia,SAU,2007,7.46,8.7300005
Saudi Arabia,SAU,2008,7.7166667,8.953334
Saudi Arabia,SAU,2009,7.9733334,9.176666
Saudi Arabia,SAU,2010,8.23,9.4
Saudi Arabia,SAU,2011,8.486667,9.623333
Saudi Arabia,SAU,2012,8.743334,9.846666
Saudi Arabia,SAU,2013,9,10.07
Saudi Arabia,SAU,2014,9.1875,10.1825
Saudi Arabia,SAU,2015,9.375,10.295
Saudi Arabia,SAU,2016,9.5625,10.4075
Saudi Arabia,SAU,2017,9.75,10.52
Saudi Arabia,SAU,2018,10.08,10.903334
Saudi Arabia,SAU,2019,10.41,11.286667
Saudi Arabia,SAU,2020,10.74,11.67
Saudi Arabia,SAU,2021,11.036193,11.96711
Saudi Arabia,SAU,2022,11.036193,11.96711
Saudi Arabia,SAU,2023,11.036193,11.96711
Senegal,SEN,1990,1.2815655,2.7803857
Senegal,SEN,1991,1.2638888,2.7445097
Senegal,SEN,1992,1.246212,2.708634
Senegal,SEN,1993,1.2285353,2.6727579
Senegal,SEN,1994,1.2108586,2.6368818
Senegal,SEN,1995,1.1931818,2.601006
Senegal,SEN,1996,1.1719697,2.5561612
Senegal,SEN,1997,1.1507576,2.511316
Senegal,SEN,1998,1.1295455,2.4664712
Senegal,SEN,1999,1.1083332,2.4216263
Senegal,SEN,2000,1.0871211,2.3767812
Senegal,SEN,2001,1.0535353,2.290679
Senegal,SEN,2002,1.0199494,2.2045767
Senegal,SEN,2003,0.9863636,2.1184745
Senegal,SEN,2004,0.95277774,2.0323722
Senegal,SEN,2005,0.9191919,1.94627
Senegal,SEN,2006,1.05,2.14
Senegal,SEN,2007,1.196,2.348
Senegal,SEN,2008,1.342,2.556
Senegal,SEN,2009,1.4879999,2.7640002
Senegal,SEN,2010,1.634,2.9720001
Senegal,SEN,2011,1.78,3.18
Senegal,SEN,2012,1.9499999,3.34
Senegal,SEN,2013,2.12,3.5
Senegal,SEN,2014,2.0330448,3.41631
Senegal,SEN,2015,1.94609,3.33262
Senegal,SEN,2016,2.30153,3.70438
Senegal,SEN,2017,1.66,4.11
Senegal,SEN,2018,2.37442,3.86572
Senegal,SEN,2019,2.23996,3.68343
Senegal,SEN,2020,2.345183,3.749703
Senegal,SEN,2021,2.4553485,3.8171685
Senegal,SEN,2022,2.4553485,3.8171685
Senegal,SEN,2023,2.4553485,3.8171685
Serbia,SRB,1990,5.386756,7.4561543
Serbia,SRB,1991,5.5225563,7.5589976
Serbia,SRB,1992,5.658357,7.6618414
Serbia,SRB,1993,5.7941575,7.7646847
Serbia,SRB,1994,5.9299583,7.8675284
Serbia,SRB,1995,6.0657587,7.9703717
Serbia,SRB,1996,6.1698723,8.05436
Serbia,SRB,1997,6.2739863,8.13835
Serbia,SRB,1998,6.3781,8.222339
Serbia,SRB,1999,6.482214,8.306327
Serbia,SRB,2000,6.5863276,8.390316
Serbia,SRB,2001,6.7281637,8.505158
Serbia,SRB,2002,6.87,8.62
Serbia,SRB,2003,7.3233333,9.01
Serbia,SRB,2004,7.7766666,9.4
Serbia,SRB,2005,8.23,9.79
Serbia,SRB,2006,8.683333,10.18
Serbia,SRB,2007,9.136667,10.57
Serbia,SRB,2008,9.59,10.96
Serbia,SRB,2009,9.69,11
Serbia,SRB,2010,9.76,11.06
Serbia,SRB,2011,10.05,11.15
Serbia,SRB,2012,10.055,11.134999
Serbia,SRB,2013,10.06,11.12
Serbia,SRB,2014,10.2,11.29
Serbia,SRB,2015,10.58,11.5
Serbia,SRB,2016,10.71,11.59
Serbia,SRB,2017,10.76,11.61
Serbia,SRB,2018,10.89,11.684999
Serbia,SRB,2019,11.02,11.76
Serbia,SRB,2020,11.19242,11.856504
Serbia,SRB,2021,11.367537,11.9538
Serbia,SRB,2022,11.367537,11.9538
Serbia,SRB,2023,11.367537,11.9538
Seychelles,SYC,2000,10.198432,10.571946
Seychelles,SYC,2001,10.199216,10.560967
Seychelles,SYC,2002,10.2,10.55
Seychelles,SYC,2003,10.24802,10.5996685
Seychelles,SYC,2004,10.296041,10.649336
Seychelles,SYC,2005,10.344061,10.699004
Seychelles,SYC,2006,10.392081,10.7486725
Seychelles,SYC,2007,10.440101,10.79834
Seychelles,SYC,2008,10.488121,10.848008
Seychelles,SYC,2009,10.536141,10.897676
Seychelles,SYC,2010,10.584162,10.947344
Seychelles,SYC,2011,10.632182,10.997012
Seychelles,SYC,2012,10.6802025,11.04668
Seychelles,SYC,2013,10.728223,11.096349
Seychelles,SYC,2014,10.776243,11.146016
Seychelles,SYC,2015,10.824264,11.195684
Seychelles,SYC,2016,10.872283,11.245353
Seychelles,SYC,2017,10.920303,11.29502
Seychelles,SYC,2018,10.968324,11.344688
Seychelles,SYC,2019,11.016344,11.394357
Seychelles,SYC,2020,11.016344,11.394357
Seychelles,SYC,2021,11.016344,11.394357
Seychelles,SYC,2022,11.016344,11.394357
Seychelles,SYC,2023,11.016344,11.394357
Sierra Leone,SLE,1990,1.0771949,2.8672678
Sierra Leone,SLE,1991,1.1367844,2.994702
Sierra Leone,SLE,1992,1.1963739,3.122136
Sierra Leone,SLE,1993,1.2559636,3.2495704
Sierra Leone,SLE,1994,1.3155531,3.3770044
Sierra Leone,SLE,1995,1.3751426,3.5044386
Sierra Leone,SLE,1996,1.4507754,3.5936425
Sierra Leone,SLE,1997,1.5264082,3.6828463
Sierra Leone,SLE,1998,1.602041,3.7720501
Sierra Leone,SLE,1999,1.6776739,3.8612542
Sierra Leone,SLE,2000,1.7533067,3.950458
Sierra Leone,SLE,2001,1.8174801,4.0753436
Sierra Leone,SLE,2002,1.8816533,4.2002287
Sierra Leone,SLE,2003,1.9458266,4.3251143
Sierra Leone,SLE,2004,2.01,4.45
Sierra Leone,SLE,2005,2.0332978,4.4797854
Sierra Leone,SLE,2006,2.0565953,4.5095706
Sierra Leone,SLE,2007,2.079893,4.539356
Sierra Leone,SLE,2008,2.1031907,4.5691414
Sierra Leone,SLE,2009,2.1264884,4.598927
Sierra Leone,SLE,2010,2.1497862,4.628712
Sierra Leone,SLE,2011,2.1730838,4.658498
Sierra Leone,SLE,2012,2.1963816,4.688283
Sierra Leone,SLE,2013,2.2196794,4.7180686
Sierra Leone,SLE,2014,2.242977,4.7478538
Sierra Leone,SLE,2015,2.2662747,4.7776394
Sierra Leone,SLE,2016,2.2895722,4.8074245
Sierra Leone,SLE,2017,2.31287,4.83721
Sierra Leone,SLE,2018,2.353875,4.816645
Sierra Leone,SLE,2019,2.39488,4.79608
Sierra Leone,SLE,2020,2.4264886,4.805847
Sierra Leone,SLE,2021,2.4585145,4.8156343
Sierra Leone,SLE,2022,2.4585145,4.8156343
Sierra Leone,SLE,2023,2.4585145,4.8156343
Singapore,SGP,1990,6.9,8.18
Singapore,SGP,1991,7.126,8.412001
Singapore,SGP,1992,7.3519998,8.644
Singapore,SGP,1993,7.578,8.876
Singapore,SGP,1994,7.804,9.108
Singapore,SGP,1995,8.03,9.34
Singapore,SGP,1996,8.201,9.49
Singapore,SGP,1997,8.372,9.64
Singapore,SGP,1998,8.542999,9.79
Singapore,SGP,1999,8.714,9.940001
Singapore,SGP,2000,8.884999,10.09
Singapore,SGP,2001,9.056,10.24
Singapore,SGP,2002,9.227,10.39
Singapore,SGP,2003,9.398,10.54
Singapore,SGP,2004,9.568999,10.690001
Singapore,SGP,2005,9.74,10.84
Singapore,SGP,2006,9.6,10.64
Singapore,SGP,2007,9.73,10.73
Singapore,SGP,2008,10.01,11.01
Singapore,SGP,2009,10.02,11.02
Singapore,SGP,2010,10.47,11.43
Singapore,SGP,2011,10.53,11.51
Singapore,SGP,2012,10.57,11.51
Singapore,SGP,2013,10.7,11.65
Singapore,SGP,2014,10.8,11.68
Singapore,SGP,2015,10.94,11.84
Singapore,SGP,2016,10.94,11.86
Singapore,SGP,2017,10.91,11.8
Singapore,SGP,2018,11.12,12.04
Singapore,SGP,2019,11.31,12.08
Singapore,SGP,2020,11.42,12.13
Singapore,SGP,2021,11.77,12.42
Singapore,SGP,2022,11.67,12.33
Singapore,SGP,2023,11.67,12.33
Slovakia,SVK,1990,6.0530496,7.761714
Slovakia,SVK,1991,6.41,7.99
Slovakia,SVK,1992,6.7879996,8.224999
Slovakia,SVK,1993,7.166,8.46
Slovakia,SVK,1994,7.5439997,8.695
Slovakia,SVK,1995,7.922,8.93
Slovakia,SVK,1996,8.3,9.165
Slovakia,SVK,1997,8.6779995,9.4
Slovakia,SVK,1998,9.056,9.635
Slovakia,SVK,1999,9.434,9.87
Slovakia,SVK,2000,9.811999,10.1050005
Slovakia,SVK,2001,10.19,10.34
Slovakia,SVK,2002,10.401999,10.576
Slovakia,SVK,2003,10.613999,10.812
Slovakia,SVK,2004,10.826,11.048
Slovakia,SVK,2005,11.038,11.284
Slovakia,SVK,2006,11.25,11.5199995
Slovakia,SVK,2007,11.462,11.756
Slovakia,SVK,2008,11.674,11.992
Slovakia,SVK,2009,11.886001,12.228
Slovakia,SVK,2010,12.098001,12.464
Slovakia,SVK,2011,12.31,12.7
Slovakia,SVK,2012,12.21,12.56
Slovakia,SVK,2013,12.27,12.63
Slovakia,SVK,2014,12.29,12.62
Slovakia,SVK,2015,12.52,12.77
Slovakia,SVK,2016,12.62,12.81
Slovakia,SVK,2017,12.69,12.85
Slovakia,SVK,2018,12.81,12.93
Slovakia,SVK,2019,12.87,12.96
Slovakia,SVK,2020,12.989404,13.029172
Slovakia,SVK,2021,13.109916,13.098713
Slovakia,SVK,2022,13.109916,13.098713
Slovakia,SVK,2023,13.109916,13.098713
Slovenia,SVN,1990,6.4525547,8.015484
Slovenia,SVN,1991,6.8,8.3
Slovenia,SVN,1992,7.166154,8.594616
Slovenia,SVN,1993,7.532308,8.889231
Slovenia,SVN,1994,7.898462,9.183846
Slovenia,SVN,1995,8.264616,9.478461
Slovenia,SVN,1996,8.63077,9.773077
Slovenia,SVN,1997,8.996923,10.067693
Slovenia,SVN,1998,9.363077,10.362308
Slovenia,SVN,1999,9.729231,10.656923
Slovenia,SVN,2000,10.095385,10.951539
Slovenia,SVN,2001,10.461539,11.246154
Slovenia,SVN,2002,10.827693,11.54077
Slovenia,SVN,2003,11.193847,11.835384
Slovenia,SVN,2004,11.56,12.13
Slovenia,SVN,2005,11.4,12
Slovenia,SVN,2006,11.59,12.06
Slovenia,SVN,2007,11.62,11.9
Slovenia,SVN,2008,11.7,12.14
Slovenia,SVN,2009,11.82,12.24
Slovenia,SVN,2010,11.87,12.27
Slovenia,SVN,2011,12.05,12.38
Slovenia,SVN,2012,12.17,12.39
Slovenia,SVN,2013,12.28,12.49
Slovenia,SVN,2014,12.34,12.53
Slovenia,SVN,2015,12.53,12.6
Slovenia,SVN,2016,12.65,12.68
Slovenia,SVN,2017,12.71,12.69
Slovenia,SVN,2018,12.7699995,12.7300005
Slovenia,SVN,2019,12.83,12.77
Slovenia,SVN,2020,12.930424,12.818574
Slovenia,SVN,2021,13.031633,12.867333
Slovenia,SVN,2022,13.031633,12.867333
Slovenia,SVN,2023,13.031633,12.867333
Solomon Islands,SLB,1999,4.7628036,5.881292
Solomon Islands,SLB,2000,4.794802,5.9262514
Solomon Islands,SLB,2001,4.827016,5.9715543
Solomon Islands,SLB,2002,4.859446,6.017204
Solomon Islands,SLB,2003,4.892094,6.0632024
Solomon Islands,SLB,2004,4.9249616,6.1095524
Solomon Islands,SLB,2005,4.95805,6.1562567
Solomon Islands,SLB,2006,4.99136,6.2033176
Solomon Islands,SLB,2007,5.024894,6.250739
Solomon Islands,SLB,2008,5.058654,6.2985225
Solomon Islands,SLB,2009,5.0926404,6.3466716
Solomon Islands,SLB,2010,5.1268554,6.3951883
Solomon Islands,SLB,2011,5.1612997,6.444076
Solomon Islands,SLB,2012,5.195976,6.4933376
Solomon Islands,SLB,2013,5.230885,6.542976
Solomon Islands,SLB,2014,5.265794,6.592614
Solomon Islands,SLB,2015,5.300703,6.6422524
Solomon Islands,SLB,2016,5.335612,6.6918902
Solomon Islands,SLB,2017,5.370521,6.7415285
Solomon Islands,SLB,2018,5.416864,6.775297
Solomon Islands,SLB,2019,5.463207,6.8090653
Solomon Islands,SLB,2020,5.5095496,6.842834
Solomon Islands,SLB,2021,5.5095496,6.842834
Solomon Islands,SLB,2022,5.5095496,6.842834
Solomon Islands,SLB,2023,5.5095496,6.842834
Somalia,SOM,2022,0.89,2.92
Somalia,SOM,2023,0.89,2.92
South Africa,ZAF,1990,6.581448,6.7611766
South Africa,ZAF,1991,6.956053,7.0900435
South Africa,ZAF,1992,7.330657,7.4189105
South Africa,ZAF,1993,7.7052617,7.8370695
South Africa,ZAF,1994,8.180039,8.076644
South Africa,ZAF,1995,8.565525,8.405511
South Africa,ZAF,1996,8.206114,8.356132
South Africa,ZAF,1997,7.9577575,8.152223
South Africa,ZAF,1998,7.709401,8.025578
South Africa,ZAF,1999,7.4610443,7.8989334
South Africa,ZAF,2000,7.212688,7.7722893
South Africa,ZAF,2001,7.43,7.95
South Africa,ZAF,2002,8.29,8.79
South Africa,ZAF,2003,8.47,9.09
South Africa,ZAF,2004,8.62,9.06
South Africa,ZAF,2005,8.61,9.23
South Africa,ZAF,2006,8.67,9.28
South Africa,ZAF,2007,8.82,9.37
South Africa,ZAF,2008,8.92,9.56
South Africa,ZAF,2009,9.35,9.88
South Africa,ZAF,2010,9.42,9.95
South Africa,ZAF,2011,9.53,9.88
South Africa,ZAF,2012,9.72,10.17
South Africa,ZAF,2013,9.845,10.255
South Africa,ZAF,2014,9.97,10.34
South Africa,ZAF,2015,10.04,10.45
South Africa,ZAF,2016,10.030001,10.365
South Africa,ZAF,2017,10.02,10.28
South Africa,ZAF,2018,9.84,11.215
South Africa,ZAF,2019,9.66,12.15
South Africa,ZAF,2020,10.47361,10.65506
South Africa,ZAF,2021,11.5,11.72
South Africa,ZAF,2022,11.5,11.72
South Africa,ZAF,2023,11.5,11.72
South America,,1990,5.2488904,5.3904634
South America,,1991,5.379064,5.5012674
South America,,1992,5.5109963,5.612201
South America,,1993,5.641253,5.723443
South America,,1994,5.771866,5.834934
South America,,1995,5.9023666,5.9462447
South America,,1996,6.0362906,6.0718107
South America,,1997,6.1701527,6.1988316
South America,,1998,6.3038096,6.325575
South America,,1999,6.437402,6.4521847
South America,,2000,6.5711107,6.5788603
South America,,2001,6.706578,6.7214403
South America,,2002,6.8644986,6.8808455
South America,,2003,7.022205,7.039906
South America,,2004,7.139333,7.1584
South America,,2005,7.204854,7.213974
South America,,2006,7.237096,7.2384124
South America,,2007,7.450061,7.445299
South America,,2008,7.6002603,7.584442
South America,,2009,7.671216,7.636853
South America,,2010,7.8594103,7.7775187
South America,,2011,7.9896693,7.8897347
South America,,2012,8.187063,8.048514
South America,,2013,8.325835,8.148971
South America,,2014,8.423924,8.233239
South America,,2015,8.538203,8.331893
South America,,2016,8.735759,8.556125
South America,,2017,8.854541,8.6495695
South America,,2018,8.965565,8.760184
South America,,2019,9.075967,8.870541
South America,,2020,9.190652,8.989973
South America,,2021,9.334641,9.125103
South America,,2022,9.329043,9.127681
South America,,2023,9.328723,9.128595
South Asia (UNDP),,1990,1.9704757,3.8840275
South Asia (UNDP),,1991,2.0436103,4.0320587
South Asia (UNDP),,1992,2.1161175,4.178867
South Asia (UNDP),,1993,2.18504,4.321979
South Asia (UNDP),,1994,2.2539852,4.4653897
South Asia (UNDP),,1995,2.3263493,4.6122336
South Asia (UNDP),,1996,2.5618353,4.7979198
South Asia (UNDP),,1997,2.7975621,4.983896
South Asia (UNDP),,1998,3.0335755,5.170178
South Asia (UNDP),,1999,3.2696705,5.356562
South Asia (UNDP),,2000,3.5065954,5.5433927
South Asia (UNDP),,2001,3.5051336,5.6529803
South Asia (UNDP),,2002,3.4951344,5.7585077
South Asia (UNDP),,2003,3.4860823,5.864633
South Asia (UNDP),,2004,3.481221,5.9741836
South Asia (UNDP),,2005,3.4774866,6.084527
South Asia (UNDP),,2006,3.6112232,6.1704197
South Asia (UNDP),,2007,3.7134254,6.2320476
South Asia (UNDP),,2008,3.812074,6.2961254
South Asia (UNDP),,2009,3.9320455,6.380934
South Asia (UNDP),,2010,4.058159,6.4766216
South Asia (UNDP),,2011,4.3098845,6.642466
South Asia (UNDP),,2012,4.4162374,6.739651
South Asia (UNDP),,2013,4.4806385,6.819845
South Asia (UNDP),,2014,4.5858564,6.93946
South Asia (UNDP),,2015,4.719608,7.10069
South Asia (UNDP),,2016,4.8004966,7.206365
South Asia (UNDP),,2017,5.051242,7.3165574
South Asia (UNDP),,2018,5.2672234,7.3849015
South Asia (UNDP),,2019,5.3101964,7.450099
South Asia (UNDP),,2020,5.6124763,7.5052037
South Asia (UNDP),,2021,5.6593657,7.452921
South Asia (UNDP),,2022,5.701014,7.4533014
South Asia (UNDP),,2023,5.916135,7.6961637
South Korea,KOR,1990,8.08,10.53
South Korea,KOR,1991,8.23,10.672
South Korea,KOR,1992,8.38,10.814
South Korea,KOR,1993,8.53,10.955999
South Korea,KOR,1994,8.68,11.098
South Korea,KOR,1995,8.83,11.24
South Korea,KOR,1996,8.992,11.323999
South Korea,KOR,1997,9.154,11.408
South Korea,KOR,1998,9.316,11.492
South Korea,KOR,1999,9.478001,11.576
South Korea,KOR,2000,9.64,11.66
South Korea,KOR,2001,9.784,11.7699995
South Korea,KOR,2002,9.928,11.88
South Korea,KOR,2003,10.072,11.99
South Korea,KOR,2004,10.216,12.1
South Korea,KOR,2005,10.36,12.21
South Korea,KOR,2006,10.2675,12.122499
South Korea,KOR,2007,10.174999,12.035
South Korea,KOR,2008,10.0824995,11.947499
South Korea,KOR,2009,9.99,11.86
South Korea,KOR,2010,10.86,12.46
South Korea,KOR,2011,10.969999,12.538
South Korea,KOR,2012,11.08,12.616
South Korea,KOR,2013,11.19,12.694
South Korea,KOR,2014,11.3,12.772
South Korea,KOR,2015,11.41,12.85
South Korea,KOR,2016,11.523298,12.929453
South Korea,KOR,2017,11.637722,13.0093975
South Korea,KOR,2018,11.753282,13.089836
South Korea,KOR,2019,11.869989,13.170772
South Korea,KOR,2020,11.987855,13.252208
South Korea,KOR,2021,12.106892,13.334147
South Korea,KOR,2022,12.106892,13.334147
South Korea,KOR,2023,12.106892,13.334147
South Sudan,SSD,2008,4.76,6.19
South Sudan,SSD,2009,4.76,6.19
South Sudan,SSD,2010,4.76,6.19
South Sudan,SSD,2011,4.76,6.19
South Sudan,SSD,2012,4.76,6.19
South Sudan,SSD,2013,4.76,6.19
South Sudan,SSD,2014,4.76,6.19
South Sudan,SSD,2015,4.76,6.19
South Sudan,SSD,2016,4.76,6.19
South Sudan,SSD,2017,4.76,6.19
South Sudan,SSD,2018,4.76,6.19
South Sudan,SSD,2019,4.76,6.19
South Sudan,SSD,2020,4.76,6.19
South Sudan,SSD,2021,4.76,6.19
South Sudan,SSD,2022,4.76,6.19
South Sudan,SSD,2023,4.76,6.19
Spain,ESP,1990,5.429697,6.369718
Spain,ESP,1991,5.63,6.55
Spain,ESP,1992,5.8376923,6.735385
Spain,ESP,1993,6.045385,6.920769
Spain,ESP,1994,6.253077,7.106154
Spain,ESP,1995,6.460769,7.2915387
Spain,ESP,1996,6.668462,7.476923
Spain,ESP,1997,6.876154,7.6623077
Spain,ESP,1998,7.083846,7.8476925
Spain,ESP,1999,7.2915382,8.033077
Spain,ESP,2000,7.499231,8.218462
Spain,ESP,2001,7.706923,8.403846
Spain,ESP,2002,7.914615,8.589231
Spain,ESP,2003,8.122308,8.774615
Spain,ESP,2004,8.33,8.96
Spain,ESP,2005,8.63,9.24
Spain,ESP,2006,8.75,9.32
Spain,ESP,2007,8.84,9.41
Spain,ESP,2008,8.93,9.46
Spain,ESP,2009,9.02,9.5
Spain,ESP,2010,9.13,9.61
Spain,ESP,2011,9.26,9.72
Spain,ESP,2012,9.31,9.72
Spain,ESP,2013,9.43,9.81
Spain,ESP,2014,9.55,9.9
Spain,ESP,2015,9.77,10.06
Spain,ESP,2016,9.9,10.13
Spain,ESP,2017,9.975,10.184999
Spain,ESP,2018,10.05,10.24
Spain,ESP,2019,10.29,10.465
Spain,ESP,2020,10.53,10.69
Spain,ESP,2021,10.689223,10.820974
Spain,ESP,2022,10.689223,10.820974
Spain,ESP,2023,10.689223,10.820974
Sri Lanka,LKA,1990,8.085988,8.894304
Sri Lanka,LKA,1991,8.298835,9.059376
Sri Lanka,LKA,1992,8.511682,9.224447
Sri Lanka,LKA,1993,8.724528,9.389518
Sri Lanka,LKA,1994,8.937375,9.554589
Sri Lanka,LKA,1995,9.150222,9.719661
Sri Lanka,LKA,1996,9.3894005,9.930344
Sri Lanka,LKA,1997,9.628579,10.141027
Sri Lanka,LKA,1998,9.867758,10.35171
Sri Lanka,LKA,1999,10.1069355,10.562393
Sri Lanka,LKA,2000,10.346114,10.773077
Sri Lanka,LKA,2001,10.39,10.81
Sri Lanka,LKA,2002,10.342,10.778
Sri Lanka,LKA,2003,10.294,10.746
Sri Lanka,LKA,2004,10.246,10.714
Sri Lanka,LKA,2005,10.198,10.682
Sri Lanka,LKA,2006,10.15,10.65
Sri Lanka,LKA,2007,10.26,10.45
Sri Lanka,LKA,2008,10.28,10.56
Sri Lanka,LKA,2009,10.37,10.67
Sri Lanka,LKA,2010,10.387143,10.65
Sri Lanka,LKA,2011,10.404285,10.63
Sri Lanka,LKA,2012,10.421429,10.61
Sri Lanka,LKA,2013,10.438571,10.59
Sri Lanka,LKA,2014,10.455714,10.57
Sri Lanka,LKA,2015,10.4728565,10.55
Sri Lanka,LKA,2016,10.49,10.53
Sri Lanka,LKA,2017,10.54,10.61
Sri Lanka,LKA,2018,10.62,10.65
Sri Lanka,LKA,2019,10.56,10.71
Sri Lanka,LKA,2020,10.809999,10.83
Sri Lanka,LKA,2021,10.63,10.85
Sri Lanka,LKA,2022,10.71,10.84
Sri Lanka,LKA,2023,10.71,10.84
Sub-Saharan Africa (UNDP),,1990,2.4365983,4.331481
Sub-Saharan Africa (UNDP),,1991,2.5860233,4.4921656
Sub-Saharan Africa (UNDP),,1992,2.7334714,4.6461787
Sub-Saharan Africa (UNDP),,1993,2.8771026,4.828451
Sub-Saharan Africa (UNDP),,1994,3.0392935,4.975359
Sub-Saharan Africa (UNDP),,1995,3.196071,5.104393
Sub-Saharan Africa (UNDP),,1996,3.2502782,5.170507
Sub-Saharan Africa (UNDP),,1997,3.3144467,5.230021
Sub-Saharan Africa (UNDP),,1998,3.3748777,5.317223
Sub-Saharan Africa (UNDP),,1999,3.398298,5.351007
Sub-Saharan Africa (UNDP),,2000,3.1589084,5.049187
Sub-Saharan Africa (UNDP),,2001,3.254745,5.1575475
Sub-Saharan Africa (UNDP),,2002,3.4138093,5.3219604
Sub-Saharan Africa (UNDP),,2003,3.5176609,5.4390936
Sub-Saharan Africa (UNDP),,2004,3.6382792,5.526066
Sub-Saharan Africa (UNDP),,2005,3.6832495,5.560282
Sub-Saharan Africa (UNDP),,2006,3.7998586,5.643392
Sub-Saharan Africa (UNDP),,2007,3.916978,5.7301354
Sub-Saharan Africa (UNDP),,2008,4.0451508,5.857546
Sub-Saharan Africa (UNDP),,2009,4.1356754,5.963601
Sub-Saharan Africa (UNDP),,2010,4.171658,6.01748
Sub-Saharan Africa (UNDP),,2011,4.240203,6.0973945
Sub-Saharan Africa (UNDP),,2012,4.3230543,6.183291
Sub-Saharan Africa (UNDP),,2013,4.4041667,6.250343
Sub-Saharan Africa (UNDP),,2014,4.524242,6.3629894
Sub-Saharan Africa (UNDP),,2015,4.672422,6.54355
Sub-Saharan Africa (UNDP),,2016,4.7757397,6.650311
Sub-Saharan Africa (UNDP),,2017,4.828293,6.6433535
Sub-Saharan Africa (UNDP),,2018,4.9040666,6.7207136
Sub-Saharan Africa (UNDP),,2019,4.9522834,6.9912577
Sub-Saharan Africa (UNDP),,2020,5.1277747,6.878064
Sub-Saharan Africa (UNDP),,2021,5.353146,7.0379663
Sub-Saharan Africa (UNDP),,2022,5.3835707,7.082356
Sub-Saharan Africa (UNDP),,2023,5.3701215,7.071333
Sudan,SDN,1990,0.85,2.22
Sudan,SDN,1991,0.938,2.328
Sudan,SDN,1992,1.026,2.436
Sudan,SDN,1993,1.114,2.544
Sudan,SDN,1994,1.202,2.652
Sudan,SDN,1995,1.29,2.76
Sudan,SDN,1996,1.382,2.852
Sudan,SDN,1997,1.474,2.944
Sudan,SDN,1998,1.566,3.036
Sudan,SDN,1999,1.658,3.128
Sudan,SDN,2000,1.75,3.22
Sudan,SDN,2001,1.85,3.292
Sudan,SDN,2002,1.95,3.364
Sudan,SDN,2003,2.05,3.436
Sudan,SDN,2004,2.15,3.508
Sudan,SDN,2005,2.25,3.58
Sudan,SDN,2006,2.302,3.63
Sudan,SDN,2007,2.354,3.68
Sudan,SDN,2008,2.406,3.73
Sudan,SDN,2009,2.458,3.78
Sudan,SDN,2010,2.51,3.83
Sudan,SDN,2011,2.63,3.89
Sudan,SDN,2012,2.75,3.95
Sudan,SDN,2013,2.87,4.01
Sudan,SDN,2014,2.99,4.07
Sudan,SDN,2015,3.11,4.13
Sudan,SDN,2016,3.188,4.15
Sudan,SDN,2017,3.266,4.17
Sudan,SDN,2018,3.344,4.19
Sudan,SDN,2019,3.422,4.21
Sudan,SDN,2020,3.5,4.23
Sudan,SDN,2021,3.628,4.286
Sudan,SDN,2022,3.628,4.286
Sudan,SDN,2023,3.628,4.286
Suriname,SUR,2004,7.39,8.1
Suriname,SUR,2005,7.462727,8.106352
Suriname,SUR,2006,7.5354543,8.112703
Suriname,SUR,2007,7.6081815,8.119055
Suriname,SUR,2008,7.6809087,8.125406
Suriname,SUR,2009,7.753636,8.131758
Suriname,SUR,2010,7.826363,8.138109
Suriname,SUR,2011,7.8990903,8.14446
Suriname,SUR,2012,7.971817,8.150811
Suriname,SUR,2013,8.044544,8.157163
Suriname,SUR,2014,8.117271,8.163514
Suriname,SUR,2015,8.189999,8.169866
Suriname,SUR,2016,8.262726,8.176217
Suriname,SUR,2017,8.335453,8.182569
Suriname,SUR,2018,8.40818,8.18892
Suriname,SUR,2019,8.482857,8.195286
Suriname,SUR,2020,8.558196,8.201657
Suriname,SUR,2021,8.634205,8.208034
Suriname,SUR,2022,8.634205,8.208034
Suriname,SUR,2023,8.634205,8.208034
Sweden,SWE,1990,9.53,9.58
Sweden,SWE,1991,9.68,9.73
Sweden,SWE,1992,10.04,10
Sweden,SWE,1993,10.26,10.16
Sweden,SWE,1994,10.42,10.29
Sweden,SWE,1995,10.59,10.46
Sweden,SWE,1996,10.785556,10.632222
Sweden,SWE,1997,10.981112,10.804444
Sweden,SWE,1998,11.176667,10.976666
Sweden,SWE,1999,11.372223,11.148889
Sweden,SWE,2000,11.567778,11.321112
Sweden,SWE,2001,11.763333,11.493334
Sweden,SWE,2002,11.958889,11.665556
Sweden,SWE,2003,12.154445,11.837778
Sweden,SWE,2004,12.35,12.01
Sweden,SWE,2005,12.44,12.08
Sweden,SWE,2006,12.53,12.14
Sweden,SWE,2007,12.6,12.2
Sweden,SWE,2008,12.15,11.99
Sweden,SWE,2009,12.23,12.05
Sweden,SWE,2010,12.3,12.11
Sweden,SWE,2011,12.38,12.17
Sweden,SWE,2012,12.46,12.22
Sweden,SWE,2013,12.31,12.16
Sweden,SWE,2014,12.38,12.2
Sweden,SWE,2015,12.46,12.25
Sweden,SWE,2016,12.53,12.29
Sweden,SWE,2017,12.62,12.35
Sweden,SWE,2018,12.695,12.400001
Sweden,SWE,2019,12.77,12.45
Sweden,SWE,2020,12.849464,12.500613
Sweden,SWE,2021,12.929423,12.551432
Sweden,SWE,2022,12.929423,12.551432
Sweden,SWE,2023,12.929423,12.551432
Switzerland,CHE,1990,9.757216,11.356669
Switzerland,CHE,1991,9.742822,11.354589
Switzerland,CHE,1992,9.728428,11.3525095
Switzerland,CHE,1993,9.714033,11.35043
Switzerland,CHE,1994,9.699639,11.34835
Switzerland,CHE,1995,9.6852455,11.34627
Switzerland,CHE,1996,9.681132,11.34211
Switzerland,CHE,1997,9.67702,11.33795
Switzerland,CHE,1998,9.672907,11.33379
Switzerland,CHE,1999,9.668795,11.32963
Switzerland,CHE,2000,9.664682,11.32547
Switzerland,CHE,2001,9.843581,11.444028
Switzerland,CHE,2002,10.022481,11.562587
Switzerland,CHE,2003,10.201381,11.681146
Switzerland,CHE,2004,10.38028,11.799705
Switzerland,CHE,2005,10.559179,11.9182625
Switzerland,CHE,2006,11.114385,12.423697
Switzerland,CHE,2007,11.669589,12.9291315
Switzerland,CHE,2008,12.224794,13.434566
Switzerland,CHE,2009,12.78,13.94
Switzerland,CHE,2010,12.81,13.87
Switzerland,CHE,2011,12.82,13.86
Switzerland,CHE,2012,12.91,13.94
Switzerland,CHE,2013,13.035,14.045
Switzerland,CHE,2014,13.16,14.15
Switzerland,CHE,2015,13.27,14.18
Switzerland,CHE,2016,13.2,14.15
Switzerland,CHE,2017,13.295,14.184999
Switzerland,CHE,2018,13.39,14.22
Switzerland,CHE,2019,13.48,14.25
Switzerland,CHE,2020,13.545101,14.270107
Switzerland,CHE,2021,13.6105175,14.290242
Switzerland,CHE,2022,13.6105175,14.290242
Switzerland,CHE,2023,13.6105175,14.290242
Syria,SYR,1990,2.749536,4.7896733
Syria,SYR,1991,2.876883,4.8464537
Syria,SYR,1992,3.00423,4.9032335
Syria,SYR,1993,3.1315768,4.960014
Syria,SYR,1994,3.2589238,5.0167937
Syria,SYR,1995,3.3862708,5.0735736
Syria,SYR,1996,3.4923933,5.047931
Syria,SYR,1997,3.5985157,5.022289
Syria,SYR,1998,3.704638,4.996646
Syria,SYR,1999,3.8107605,4.9710035
Syria,SYR,2000,3.916883,4.9453607
Syria,SYR,2001,4.038441,5.1376805
Syria,SYR,2002,4.16,5.33
Syria,SYR,2003,4.448,5.788
Syria,SYR,2004,4.736,6.246
Syria,SYR,2005,5.0239997,6.704
Syria,SYR,2006,5.312,7.1619997
Syria,SYR,2007,5.6,7.62
Syria,SYR,2008,5.29,7.09
Syria,SYR,2009,5.59,7.34
Syria,SYR,2010,5.5415573,7.2763915
Syria,SYR,2011,5.493534,7.2133346
Syria,SYR,2012,5.445927,7.1508236
Syria,SYR,2013,5.3987327,7.0888543
Syria,SYR,2014,5.3519473,7.0274224
Syria,SYR,2015,5.3051615,6.9659905
Syria,SYR,2016,5.258376,6.904558
Syria,SYR,2017,5.211591,6.8431263
Syria,SYR,2018,5.1648054,6.7816944
Syria,SYR,2019,5.1473413,6.758763
Syria,SYR,2020,5.129877,6.7358313
Syria,SYR,2021,5.112413,6.7128997
Syria,SYR,2022,5.112413,6.7128997
Syria,SYR,2023,5.112413,6.7128997
Tajikistan,TJK,1990,8.425516,10.314207
Tajikistan,TJK,1991,8.657411,10.450948
Tajikistan,TJK,1992,8.889306,10.587689
Tajikistan,TJK,1993,9.121201,10.724431
Tajikistan,TJK,1994,9.353096,10.861173
Tajikistan,TJK,1995,9.5849905,10.997913
Tajikistan,TJK,1996,9.727993,11.064331
Tajikistan,TJK,1997,9.870995,11.130748
Tajikistan,TJK,1998,10.013996,11.1971655
Tajikistan,TJK,1999,10.156999,11.263582
Tajikistan,TJK,2000,10.3,11.33
Tajikistan,TJK,2001,10.331765,11.37
Tajikistan,TJK,2002,10.363529,11.41
Tajikistan,TJK,2003,10.395294,11.45
Tajikistan,TJK,2004,10.427059,11.49
Tajikistan,TJK,2005,10.458824,11.53
Tajikistan,TJK,2006,10.490588,11.57
Tajikistan,TJK,2007,10.522353,11.61
Tajikistan,TJK,2008,10.554118,11.65
Tajikistan,TJK,2009,10.585882,11.690001
Tajikistan,TJK,2010,10.617647,11.7300005
Tajikistan,TJK,2011,10.649412,11.77
Tajikistan,TJK,2012,10.681176,11.81
Tajikistan,TJK,2013,10.712941,11.85
Tajikistan,TJK,2014,10.744706,11.89
Tajikistan,TJK,2015,10.776471,11.93
Tajikistan,TJK,2016,10.808235,11.97
Tajikistan,TJK,2017,10.84,12.01
Tajikistan,TJK,2018,10.858141,11.888181
Tajikistan,TJK,2019,10.876282,11.76636
Tajikistan,TJK,2020,10.894422,11.644541
Tajikistan,TJK,2021,10.888375,11.615877
Tajikistan,TJK,2022,10.888375,11.615877
Tajikistan,TJK,2023,10.888375,11.615877
Tanzania,TZA,1990,2.2828212,4.520062
Tanzania,TZA,1991,2.391879,4.57874
Tanzania,TZA,1992,2.500937,4.6374183
Tanzania,TZA,1993,2.609995,4.696097
Tanzania,TZA,1994,2.7190526,4.754775
Tanzania,TZA,1995,2.8281105,4.813453
Tanzania,TZA,1996,2.974137,4.851961
Tanzania,TZA,1997,3.1201637,4.8904686
Tanzania,TZA,1998,3.2661903,4.928976
Tanzania,TZA,1999,3.412217,4.967484
Tanzania,TZA,2000,3.5582435,5.0059915
Tanzania,TZA,2001,3.5841217,5.027996
Tanzania,TZA,2002,3.61,5.05
Tanzania,TZA,2003,3.737,5.1540003
Tanzania,TZA,2004,3.8639998,5.2580004
Tanzania,TZA,2005,3.991,5.362
Tanzania,TZA,2006,4.118,5.466
Tanzania,TZA,2007,4.245,5.57
Tanzania,TZA,2008,4.372,5.6740003
Tanzania,TZA,2009,4.499,5.7780004
Tanzania,TZA,2010,4.626,5.882
Tanzania,TZA,2011,4.7530003,5.986
Tanzania,TZA,2012,4.88,6.09
Tanzania,TZA,2013,4.8613033,6.1509066
Tanzania,TZA,2014,4.842607,6.2118134
Tanzania,TZA,2015,4.82391,6.27272
Tanzania,TZA,2016,4.89358,6.262543
Tanzania,TZA,2017,4.96325,6.2523665
Tanzania,TZA,2018,5.03292,6.24219
Tanzania,TZA,2019,5.1534,6.3668246
Tanzania,TZA,2020,5.27388,6.49146
Tanzania,TZA,2021,5.39436,6.616095
Tanzania,TZA,2022,5.51484,6.74073
Tanzania,TZA,2023,5.51484,6.74073
Thailand,THA,1990,4.111676,4.9476366
Thailand,THA,1991,4.2356224,5.060135
Thailand,THA,1992,4.3595686,5.1726336
Thailand,THA,1993,4.483515,5.285132
Thailand,THA,1994,4.607461,5.3976307
Thailand,THA,1995,4.731407,5.510129
Thailand,THA,1996,4.8505864,5.61574
Thailand,THA,1997,4.969765,5.7213507
Thailand,THA,1998,5.0889444,5.8269615
Thailand,THA,1999,5.208123,5.9325724
Thailand,THA,2000,5.3273025,6.0381827
Thailand,THA,2001,5.7229767,6.3986373
Thailand,THA,2002,6.118651,6.7590914
Thailand,THA,2003,6.5143256,7.119546
Thailand,THA,2004,6.91,7.48
Thailand,THA,2005,6.785,7.3900003
Thailand,THA,2006,6.66,7.3
Thailand,THA,2007,6.85,7.4300003
Thailand,THA,2008,7.04,7.56
Thailand,THA,2009,7.23,7.69
Thailand,THA,2010,7.42,7.82
Thailand,THA,2011,7.5033336,7.936667
Thailand,THA,2012,7.5866666,8.053333
Thailand,THA,2013,7.67,8.17
Thailand,THA,2014,7.82,8.29
Thailand,THA,2015,7.97,8.41
Thailand,THA,2016,8.12,8.53
Thailand,THA,2017,8.15,8.56
Thailand,THA,2018,8.18,8.59
Thailand,THA,2019,8.57,8.84
Thailand,THA,2020,8.67,8.97
Thailand,THA,2021,8.7699995,9.099999
Thailand,THA,2022,8.87,9.23
Thailand,THA,2023,8.87,9.23
Togo,TGO,1990,1.1430506,3.5783434
Togo,TGO,1991,1.2038203,3.6929133
Togo,TGO,1992,1.2645901,3.807483
Togo,TGO,1993,1.32536,3.9220529
Togo,TGO,1994,1.3861297,4.0366225
Togo,TGO,1995,1.4468995,4.151192
Togo,TGO,1996,1.5047754,4.228095
Togo,TGO,1997,1.5626514,4.3049984
Togo,TGO,1998,1.6205274,4.3819013
Togo,TGO,1999,1.6784034,4.458804
Togo,TGO,2000,1.7362794,4.5357075
Togo,TGO,2001,1.7695581,4.5749435
Togo,TGO,2002,1.8028368,4.6141796
Togo,TGO,2003,1.8361155,4.653416
Togo,TGO,2004,1.8693942,4.692652
Togo,TGO,2005,1.9026728,4.7318883
Togo,TGO,2006,1.9345046,4.766416
Togo,TGO,2007,1.9663364,4.8009443
Togo,TGO,2008,1.9981682,4.835472
Togo,TGO,2009,2.03,4.87
Togo,TGO,2010,2.1000001,5.2149997
Togo,TGO,2011,2.17,5.56
Togo,TGO,2012,2.3728151,5.73281
Togo,TGO,2013,2.57563,5.90562
Togo,TGO,2014,2.778445,6.0784297
Togo,TGO,2015,2.98126,6.25124
Togo,TGO,2016,3.1840749,6.42405
Togo,TGO,2017,3.38689,6.59686
Togo,TGO,2018,3.6368022,6.784713
Togo,TGO,2019,3.9051552,6.9779153
Togo,TGO,2020,4.1933093,7.176619
Togo,TGO,2021,4.5027256,7.3809814
Togo,TGO,2022,4.5027256,7.3809814
Togo,TGO,2023,4.5027256,7.3809814
Tonga,TON,1990,8.919882,9.358466
Tonga,TON,1991,9.120552,9.522458
Tonga,TON,1992,9.321221,9.686449
Tonga,TON,1993,9.521892,9.850441
Tonga,TON,1994,9.722561,10.014433
Tonga,TON,1995,9.923231,10.178425
Tonga,TON,1996,9.91,10.15
Tonga,TON,1997,9.914,10.153999
Tonga,TON,1998,9.918,10.158
Tonga,TON,1999,9.922,10.162
Tonga,TON,2000,9.926,10.165999
Tonga,TON,2001,9.929999,10.17
Tonga,TON,2002,9.934,10.174
Tonga,TON,2003,9.938,10.1779995
Tonga,TON,2004,9.941999,10.181999
Tonga,TON,2005,9.946,10.186
Tonga,TON,2006,9.95,10.19
Tonga,TON,2007,10.138,10.339999
Tonga,TON,2008,10.326,10.49
Tonga,TON,2009,10.514,10.639999
Tonga,TON,2010,10.702001,10.79
Tonga,TON,2011,10.89,10.94
Tonga,TON,2012,10.893368,10.91954
Tonga,TON,2013,10.896735,10.908965
Tonga,TON,2014,10.900103,10.878624
Tonga,TON,2015,10.90347,10.858165
Tonga,TON,2016,10.906837,10.837707
Tonga,TON,2017,10.910205,10.817247
Tonga,TON,2018,10.913572,10.796788
Tonga,TON,2019,10.91694,10.77633
Tonga,TON,2020,10.953451,10.795608
Tonga,TON,2021,10.986119,10.832236
Tonga,TON,2022,10.986119,10.832236
Tonga,TON,2023,10.986119,10.832236
Trinidad and Tobago,TTO,1990,7.13,7.37
Trinidad and Tobago,TTO,1991,7.3050003,7.5333333
Trinidad and Tobago,TTO,1992,7.48,7.6966667
Trinidad and Tobago,TTO,1993,7.655,7.86
Trinidad and Tobago,TTO,1994,7.83,8.023334
Trinidad and Tobago,TTO,1995,8.005,8.1866665
Trinidad and Tobago,TTO,1996,8.18,8.35
Trinidad and Tobago,TTO,1997,8.355,8.513333
Trinidad and Tobago,TTO,1998,8.53,8.676667
Trinidad and Tobago,TTO,1999,8.705,8.84
Trinidad and Tobago,TTO,2000,8.88,9.003333
Trinidad and Tobago,TTO,2001,9.055,9.166667
Trinidad and Tobago,TTO,2002,9.23,9.33
Trinidad and Tobago,TTO,2003,9.405,9.493334
Trinidad and Tobago,TTO,2004,9.58,9.656667
Trinidad and Tobago,TTO,2005,9.755,9.820001
Trinidad and Tobago,TTO,2006,9.929999,9.983334
Trinidad and Tobago,TTO,2007,10.105,10.1466675
Trinidad and Tobago,TTO,2008,10.28,10.31
Trinidad and Tobago,TTO,2009,10.28,10.32
Trinidad and Tobago,TTO,2010,10.469999,10.469999
Trinidad and Tobago,TTO,2011,10.66,10.62
Trinidad and Tobago,TTO,2012,10.685666,10.621444
Trinidad and Tobago,TTO,2013,10.711332,10.622888
Trinidad and Tobago,TTO,2014,10.7369995,10.6243305
Trinidad and Tobago,TTO,2015,10.762666,10.625774
Trinidad and Tobago,TTO,2016,10.788332,10.627218
Trinidad and Tobago,TTO,2017,10.813998,10.628662
Trinidad and Tobago,TTO,2018,10.839664,10.630106
Trinidad and Tobago,TTO,2019,10.865331,10.63155
Trinidad and Tobago,TTO,2020,10.890998,10.632993
Trinidad and Tobago,TTO,2021,10.916664,10.634437
Trinidad and Tobago,TTO,2022,10.94233,10.63588
Trinidad and Tobago,TTO,2023,10.94233,10.63588
Tunisia,TUN,1990,2.2531202,4.6932516
Tunisia,TUN,1991,2.3907,4.841246
Tunisia,TUN,1992,2.52828,4.9892406
Tunisia,TUN,1993,2.66586,5.137235
Tunisia,TUN,1994,2.8034399,5.2852297
Tunisia,TUN,1995,2.9410198,5.433224
Tunisia,TUN,1996,3.0885692,5.587301
Tunisia,TUN,1997,3.2361186,5.741377
Tunisia,TUN,1998,3.383668,5.8954535
Tunisia,TUN,1999,3.5312176,6.04953
Tunisia,TUN,2000,3.678767,6.2036066
Tunisia,TUN,2001,3.858219,6.3617377
Tunisia,TUN,2002,4.037671,6.519869
Tunisia,TUN,2003,4.217123,6.678
Tunisia,TUN,2004,4.396575,6.836131
Tunisia,TUN,2005,4.5760274,6.994262
Tunisia,TUN,2006,4.7973514,7.136175
Tunisia,TUN,2007,5.018676,7.2780876
Tunisia,TUN,2008,5.24,7.42
Tunisia,TUN,2009,5.455,7.545
Tunisia,TUN,2010,5.67,7.67
Tunisia,TUN,2011,5.84,7.87
Tunisia,TUN,2012,5.77,7.75
Tunisia,TUN,2013,5.94,7.805
Tunisia,TUN,2014,6.1099997,7.8599997
Tunisia,TUN,2015,6.2799997,7.915
Tunisia,TUN,2016,6.45,7.97
Tunisia,TUN,2017,6.659205,8.199325
Tunisia,TUN,2018,6.86841,8.42865
Tunisia,TUN,2019,6.69,7.93
Tunisia,TUN,2020,6.795873,8.030013
Tunisia,TUN,2021,6.9017467,8.130026
Tunisia,TUN,2022,7.00762,8.23004
Tunisia,TUN,2023,7.00762,8.23004
Turkey,TUR,1990,3.2769325,5.637627
Turkey,TUR,1991,3.334527,5.742967
Turkey,TUR,1992,3.3921216,5.8483067
Turkey,TUR,1993,3.4497163,5.9536467
Turkey,TUR,1994,3.5073109,6.058986
Turkey,TUR,1995,3.5649054,6.164326
Turkey,TUR,1996,3.717829,6.2423553
Turkey,TUR,1997,3.8707523,6.320385
Turkey,TUR,1998,4.023676,6.398414
Turkey,TUR,1999,4.1765995,6.476444
Turkey,TUR,2000,4.329523,6.5544734
Turkey,TUR,2001,4.4546423,6.638355
Turkey,TUR,2002,4.5797615,6.7222366
Turkey,TUR,2003,4.7048807,6.806118
Turkey,TUR,2004,4.83,6.89
Turkey,TUR,2005,4.9,7.05
Turkey,TUR,2006,4.99,7.14
Turkey,TUR,2007,5.1,7.19
Turkey,TUR,2008,5.51,7.31
Turkey,TUR,2009,5.7,7.47
Turkey,TUR,2010,6.17,8.03
Turkey,TUR,2011,6.46,8.29
Turkey,TUR,2012,6.61,8.39
Turkey,TUR,2013,6.76,8.53
Turkey,TUR,2014,6.93,8.68
Turkey,TUR,2015,7.1,8.83
Turkey,TUR,2016,7.27,8.95
Turkey,TUR,2017,7.45,9.1
Turkey,TUR,2018,7.66,9.255
Turkey,TUR,2019,7.87,9.41
Turkey,TUR,2020,8.072789,9.563216
Turkey,TUR,2021,8.280805,9.718927
Turkey,TUR,2022,8.280805,9.718927
Turkey,TUR,2023,8.280805,9.718927
Turkmenistan,TKM,1995,10.52,11.42
Turkmenistan,TKM,1996,10.522113,11.404399
Turkmenistan,TKM,1997,10.524225,11.388798
Turkmenistan,TKM,1998,10.526338,11.373197
Turkmenistan,TKM,1999,10.52845,11.357596
Turkmenistan,TKM,2000,10.530563,11.341995
Turkmenistan,TKM,2001,10.532676,11.326394
Turkmenistan,TKM,2002,10.534788,11.310793
Turkmenistan,TKM,2003,10.5369005,11.295192
Turkmenistan,TKM,2004,10.539013,11.279591
Turkmenistan,TKM,2005,10.541125,11.26399
Turkmenistan,TKM,2006,10.543238,11.248389
Turkmenistan,TKM,2007,10.54535,11.232788
Turkmenistan,TKM,2008,10.547462,11.217187
Turkmenistan,TKM,2009,10.549575,11.201586
Turkmenistan,TKM,2010,10.551688,11.185985
Turkmenistan,TKM,2011,10.553801,11.170383
Turkmenistan,TKM,2012,10.555913,11.154783
Turkmenistan,TKM,2013,10.558025,11.139182
Turkmenistan,TKM,2014,10.560138,11.123581
Turkmenistan,TKM,2015,10.56225,11.10798
Turkmenistan,TKM,2016,10.616315,11.18114
Turkmenistan,TKM,2017,10.670381,11.2543
Turkmenistan,TKM,2018,10.724445,11.32746
Turkmenistan,TKM,2019,10.77851,11.40062
Turkmenistan,TKM,2020,10.833263,11.4749775
Turkmenistan,TKM,2021,10.888295,11.549819
Turkmenistan,TKM,2022,10.888295,11.549819
Turkmenistan,TKM,2023,10.888295,11.549819
Tuvalu,TUV,1990,6.614052,7.7905517
Tuvalu,TUV,1991,6.74,7.89
Tuvalu,TUV,1992,6.8683457,7.9907174
Tuvalu,TUV,1993,6.9966917,8.0914345
Tuvalu,TUV,1994,7.125038,8.192152
Tuvalu,TUV,1995,7.253384,8.29287
Tuvalu,TUV,1996,7.38173,8.393587
Tuvalu,TUV,1997,7.510076,8.494305
Tuvalu,TUV,1998,7.6384225,8.595022
Tuvalu,TUV,1999,7.7667685,8.69574
Tuvalu,TUV,2000,7.8951144,8.796457
Tuvalu,TUV,2001,8.02346,8.897175
Tuvalu,TUV,2002,8.151807,8.997892
Tuvalu,TUV,2003,8.280152,9.09861
Tuvalu,TUV,2004,8.408499,9.199327
Tuvalu,TUV,2005,8.536844,9.300045
Tuvalu,TUV,2006,8.665191,9.400763
Tuvalu,TUV,2007,8.793537,9.50148
Tuvalu,TUV,2008,8.921883,9.602198
Tuvalu,TUV,2009,9.050229,9.702915
Tuvalu,TUV,2010,9.1785755,9.803632
Tuvalu,TUV,2011,9.306921,9.904349
Tuvalu,TUV,2012,9.435267,10.005067
Tuvalu,TUV,2013,9.563613,10.105784
Tuvalu,TUV,2014,9.691959,10.206502
Tuvalu,TUV,2015,9.820306,10.3072195
Tuvalu,TUV,2016,9.948651,10.407937
Tuvalu,TUV,2017,10.076998,10.508655
Tuvalu,TUV,2018,10.205343,10.609372
Tuvalu,TUV,2019,10.33369,10.71009
Tuvalu,TUV,2020,10.467048,10.81375
Tuvalu,TUV,2021,10.602126,10.918415
Tuvalu,TUV,2022,10.602126,10.918415
Tuvalu,TUV,2023,10.602126,10.918415
Uganda,UGA,1990,2.1194267,4.3210983
Uganda,UGA,1991,2.2,4.39
Uganda,UGA,1992,2.2836363,4.46
Uganda,UGA,1993,2.3672729,4.5299997
Uganda,UGA,1994,2.4509091,4.6
Uganda,UGA,1995,2.5345454,4.67
Uganda,UGA,1996,2.6181817,4.74
Uganda,UGA,1997,2.7018182,4.81
Uganda,UGA,1998,2.7854545,4.8799996
Uganda,UGA,1999,2.8690908,4.95
Uganda,UGA,2000,2.952727,5.02
Uganda,UGA,2001,3.0363636,5.0899997
Uganda,UGA,2002,3.12,5.16
Uganda,UGA,2003,3.455,5.1616664
Uganda,UGA,2004,3.79,5.1633334
Uganda,UGA,2005,4.125,5.165
Uganda,UGA,2006,4.46,5.1666665
Uganda,UGA,2007,4.795,5.1683335
Uganda,UGA,2008,5.13,5.17
Uganda,UGA,2009,4.8650002,5.46
Uganda,UGA,2010,4.6,5.75
Uganda,UGA,2011,4.335,6.04
Uganda,UGA,2012,4.07,6.33
Uganda,UGA,2013,4.2751327,6.52029
Uganda,UGA,2014,4.480265,6.71058
Uganda,UGA,2015,4.6853976,6.90087
Uganda,UGA,2016,4.89053,7.09116
Uganda,UGA,2017,4.9560637,7.238996
Uganda,UGA,2018,5.0224757,7.3899145
Uganda,UGA,2019,5.089777,7.543979
Uganda,UGA,2020,5.157981,7.7012563
Uganda,UGA,2021,5.2270985,7.8618116
Uganda,UGA,2022,5.2270985,7.8618116
Uganda,UGA,2023,5.2270985,7.8618116
Ukraine,UKR,1990,8.976191,9.597566
Ukraine,UKR,1991,9.180476,9.754382
Ukraine,UKR,1992,9.384762,9.911199
Ukraine,UKR,1993,9.589047,10.068015
Ukraine,UKR,1994,9.793333,10.224832
Ukraine,UKR,1995,9.997619,10.381648
Ukraine,UKR,1996,10.127619,10.526554
Ukraine,UKR,1997,10.257619,10.671461
Ukraine,UKR,1998,10.387619,10.816367
Ukraine,UKR,1999,10.517619,10.961273
Ukraine,UKR,2000,10.647619,11.10618
Ukraine,UKR,2001,10.79,11.13
Ukraine,UKR,2002,10.932381,11.15382
Ukraine,UKR,2003,11.074762,11.177641
Ukraine,UKR,2004,11.263305,11.201461
Ukraine,UKR,2005,11.359524,11.225281
Ukraine,UKR,2006,11.417301,11.243146
Ukraine,UKR,2007,11.47508,11.261011
Ukraine,UKR,2008,11.532857,11.278876
Ukraine,UKR,2009,11.590635,11.2967415
Ukraine,UKR,2010,11.648413,11.314607
Ukraine,UKR,2011,11.625714,11.195506
Ukraine,UKR,2012,11.603016,11.076405
Ukraine,UKR,2013,11.5803175,10.957303
Ukraine,UKR,2014,11.557619,10.838202
Ukraine,UKR,2015,11.534921,10.719101
Ukraine,UKR,2016,11.516349,10.7210865
Ukraine,UKR,2017,11.497778,10.723071
Ukraine,UKR,2018,11.479206,10.725057
Ukraine,UKR,2019,11.460635,10.727041
Ukraine,UKR,2020,11.442063,10.729027
Ukraine,UKR,2021,11.423492,10.738952
Ukraine,UKR,2022,11.423492,10.738952
Ukraine,UKR,2023,11.423492,10.738952
United Arab Emirates,ARE,1990,5.8983045,5.705319
United Arab Emirates,ARE,1991,6.237406,5.991607
United Arab Emirates,ARE,1992,6.576507,6.277896
United Arab Emirates,ARE,1993,6.915608,6.564184
United Arab Emirates,ARE,1994,7.2547092,6.8504725
United Arab Emirates,ARE,1995,7.5938106,7.1367607
United Arab Emirates,ARE,1996,7.863036,7.376016
United Arab Emirates,ARE,1997,8.132262,7.6152716
United Arab Emirates,ARE,1998,8.401487,7.854527
United Arab Emirates,ARE,1999,8.670713,8.093782
United Arab Emirates,ARE,2000,8.9399395,8.333037
United Arab Emirates,ARE,2001,9.163951,8.39643
United Arab Emirates,ARE,2002,9.387963,8.459823
United Arab Emirates,ARE,2003,9.611976,8.523214
United Arab Emirates,ARE,2004,9.835988,8.586607
United Arab Emirates,ARE,2005,10.06,8.65
United Arab Emirates,ARE,2006,10.094955,8.808849
United Arab Emirates,ARE,2007,10.129911,8.967699
United Arab Emirates,ARE,2008,10.164866,9.126548
United Arab Emirates,ARE,2009,10.199822,9.285398
United Arab Emirates,ARE,2010,10.234777,9.444247
United Arab Emirates,ARE,2011,10.269733,9.603097
United Arab Emirates,ARE,2012,10.304688,9.761947
United Arab Emirates,ARE,2013,10.339644,9.920796
United Arab Emirates,ARE,2014,10.374599,10.77363
United Arab Emirates,ARE,2015,10.409555,10.946135
United Arab Emirates,ARE,2016,10.44451,11.11864
United Arab Emirates,ARE,2017,11.62,12.37
United Arab Emirates,ARE,2018,11.93,12.68
United Arab Emirates,ARE,2019,12.53,12.81
United Arab Emirates,ARE,2020,12.559999,12.86
United Arab Emirates,ARE,2021,12.59,12.91
United Arab Emirates,ARE,2022,12.83,13.11
United Arab Emirates,ARE,2023,12.83,13.11
United Kingdom,GBR,1990,9.662937,9.6106825
United Kingdom,GBR,1991,9.703264,9.748332
United Kingdom,GBR,1992,9.780495,9.849079
United Kingdom,GBR,1993,9.898778,9.949825
United Kingdom,GBR,1994,9.977392,10.050572
United Kingdom,GBR,1995,10.0560055,10.151319
United Kingdom,GBR,1996,10.180477,10.206073
United Kingdom,GBR,1997,10.397543,10.260826
United Kingdom,GBR,1998,10.59022,10.315579
United Kingdom,GBR,1999,10.782899,10.370334
United Kingdom,GBR,2000,10.975576,10.425087
United Kingdom,GBR,2001,11.108948,10.799602
United Kingdom,GBR,2002,11.141312,11.275124
United Kingdom,GBR,2003,11.372786,11.548631
United Kingdom,GBR,2004,11.6042595,11.923145
United Kingdom,GBR,2005,11.835733,12.29766
United Kingdom,GBR,2006,12.121799,12.523245
United Kingdom,GBR,2007,12.4078665,12.74883
United Kingdom,GBR,2008,12.693933,12.974415
United Kingdom,GBR,2009,12.98,13.2
United Kingdom,GBR,2010,13.12,13.31
United Kingdom,GBR,2011,13.08,13.3
United Kingdom,GBR,2012,13.27,13.41
United Kingdom,GBR,2013,12.75,12.92
United Kingdom,GBR,2014,12.84,12.94
United Kingdom,GBR,2015,12.946667,13.016666
United Kingdom,GBR,2016,13.053333,13.093333
United Kingdom,GBR,2017,13.16,13.17
United Kingdom,GBR,2018,13.256666,13.233334
United Kingdom,GBR,2019,13.353333,13.296666
United Kingdom,GBR,2020,13.45,13.36
United Kingdom,GBR,2021,13.55,13.43
United Kingdom,GBR,2022,13.55,13.43
United Kingdom,GBR,2023,13.55,13.43
United States,USA,1990,12.87666,13.083339
United States,USA,1991,12.919995,13.135004
United States,USA,1992,12.96333,13.186669
United States,USA,1993,13.006665,13.159511
United States,USA,1994,13.05,13.31
United States,USA,1995,13.023,13.267
United States,USA,1996,12.996,13.224
United States,USA,1997,12.969,13.181001
United States,USA,1998,12.942,13.1380005
United States,USA,1999,12.915,13.095
United States,USA,2000,12.888,13.052
United States,USA,2001,12.861,13.009
United States,USA,2002,12.834,12.966001
United States,USA,2003,12.807,12.923
United States,USA,2004,12.78,12.88
United States,USA,2005,12.8,12.87
United States,USA,2006,12.879813,12.95025
United States,USA,2007,12.945,12.955
United States,USA,2008,12.98,13
United States,USA,2009,13.02,13
United States,USA,2010,13.06,13.04
United States,USA,2011,13.1,13.1
United States,USA,2012,13.14,13.15
United States,USA,2013,13.21,13.19
United States,USA,2014,13.25,13.2
United States,USA,2015,13.28,13.22
United States,USA,2016,13.38,13.3
United States,USA,2017,13.45487,13.36866
United States,USA,2018,13.53,13.47
United States,USA,2019,13.634999,13.545
United States,USA,2020,13.74,13.62
United States,USA,2021,13.65357,13.49329
United States,USA,2022,14,13.82
United States,USA,2023,14,13.82
Upper-middle-income countries,,2000,5.938808,6.9099855
Upper-middle-income countries,,2001,6.079931,7.0228157
Upper-middle-income countries,,2002,6.2375655,7.1522055
Upper-middle-income countries,,2003,6.386094,7.275681
Upper-middle-income countries,,2004,6.528171,7.3854656
Upper-middle-income countries,,2005,6.6491375,7.4770584
Upper-middle-income countries,,2006,6.7821736,7.586087
Upper-middle-income countries,,2007,6.835905,7.646889
Upper-middle-income countries,,2008,6.9527974,7.7187333
Upper-middle-income countries,,2009,7.08487,7.8206835
Upper-middle-income countries,,2010,7.2129188,7.9039197
Upper-middle-income countries,,2011,7.2940493,8.028905
Upper-middle-income countries,,2012,7.38193,8.169087
Upper-middle-income countries,,2013,7.449408,8.271813
Upper-middle-income countries,,2014,7.5229774,8.386888
Upper-middle-income countries,,2015,7.5931277,8.5097475
Upper-middle-income countries,,2016,7.6770716,8.635436
Upper-middle-income countries,,2017,7.754451,8.773062
Upper-middle-income countries,,2018,7.8099976,8.888124
Upper-middle-income countries,,2019,8.056119,8.859171
Upper-middle-income countries,,2020,8.31799,8.779831
Upper-middle-income countries,,2021,8.494405,8.862309
Upper-middle-income countries,,2022,8.496983,8.868172
Upper-middle-income countries,,2023,8.496684,8.868792
Uruguay,URY,1990,7.7568097,6.5552897
Uruguay,URY,1991,7.6845007,6.695038
Uruguay,URY,1992,7.612191,6.834786
Uruguay,URY,1993,7.539882,6.974534
Uruguay,URY,1994,7.4675727,7.114282
Uruguay,URY,1995,7.3952637,7.25403
Uruguay,URY,1996,7.61,7.3
Uruguay,URY,1997,7.828572,7.5057144
Uruguay,URY,1998,8.047143,7.7114286
Uruguay,URY,1999,8.265715,7.917143
Uruguay,URY,2000,8.484286,8.122857
Uruguay,URY,2001,8.702857,8.328571
Uruguay,URY,2002,8.921429,8.534286
Uruguay,URY,2003,9.14,8.74
Uruguay,URY,2004,8.816667,8.423333
Uruguay,URY,2005,8.493334,8.106667
Uruguay,URY,2006,8.17,7.79
Uruguay,URY,2007,8.365001,7.975
Uruguay,URY,2008,8.56,8.16
Uruguay,URY,2009,8.55,8.17
Uruguay,URY,2010,8.51,8.12
Uruguay,URY,2011,8.63,8.15
Uruguay,URY,2012,8.72,8.2
Uruguay,URY,2013,8.74,8.27
Uruguay,URY,2014,8.85,8.34
Uruguay,URY,2015,8.91,8.39
Uruguay,URY,2016,8.97,8.41
Uruguay,URY,2017,9.09,8.54
Uruguay,URY,2018,9.17,8.61
Uruguay,URY,2019,9.25,8.68
Uruguay,URY,2020,9.763333,9.203334
Uruguay,URY,2021,10.276667,9.726666
Uruguay,URY,2022,10.79,10.25
Uruguay,URY,2023,10.79,10.25
Uzbekistan,UZB,2000,9.820484,10.312242
Uzbekistan,UZB,2001,9.911378,10.397689
Uzbekistan,UZB,2002,10.003113,10.483845
Uzbekistan,UZB,2003,10.095696,10.570714
Uzbekistan,UZB,2004,10.189137,10.658303
Uzbekistan,UZB,2005,10.283443,10.746618
Uzbekistan,UZB,2006,10.378622,10.835666
Uzbekistan,UZB,2007,10.474682,10.92545
Uzbekistan,UZB,2008,10.57163,11.015979
Uzbekistan,UZB,2009,10.669476,11.107258
Uzbekistan,UZB,2010,10.768228,11.199293
Uzbekistan,UZB,2011,10.867893,11.29209
Uzbekistan,UZB,2012,10.968481,11.385657
Uzbekistan,UZB,2013,11.07,11.48
Uzbekistan,UZB,2014,11.15,11.54
Uzbekistan,UZB,2015,11.17,11.56
Uzbekistan,UZB,2016,11.45,11.91
Uzbekistan,UZB,2017,11.5199995,11.934999
Uzbekistan,UZB,2018,11.59,11.96
Uzbekistan,UZB,2019,11.73,12.06
Uzbekistan,UZB,2020,11.705,12.075001
Uzbekistan,UZB,2021,11.68,12.09
Uzbekistan,UZB,2022,11.75,12.08
Uzbekistan,UZB,2023,11.75,12.08
Vanuatu,VUT,2005,5.0604105,5.8356376
Vanuatu,VUT,2006,5.1600394,5.944804
Vanuatu,VUT,2007,5.2616296,6.0560126
Vanuatu,VUT,2008,5.36522,6.1693015
Vanuatu,VUT,2009,5.47085,6.2847095
Vanuatu,VUT,2010,5.5785594,6.4022765
Vanuatu,VUT,2011,5.6883893,6.5220428
Vanuatu,VUT,2012,5.8003817,6.6440496
Vanuatu,VUT,2013,5.914579,6.7683387
Vanuatu,VUT,2014,6.028776,6.8926277
Vanuatu,VUT,2015,6.1429734,7.0169168
Vanuatu,VUT,2016,6.2571707,7.1412063
Vanuatu,VUT,2017,6.371368,7.2654953
Vanuatu,VUT,2018,6.4453845,7.344974
Vanuatu,VUT,2019,6.5194006,7.4244523
Vanuatu,VUT,2020,6.5934167,7.503931
Vanuatu,VUT,2021,6.5934167,7.503931
Vanuatu,VUT,2022,6.5934167,7.503931
Vanuatu,VUT,2023,6.5934167,7.503931
Venezuela,VEN,1990,5.22,5.46
Venezuela,VEN,1991,5.46,5.711818
Venezuela,VEN,1992,5.7,5.9636364
Venezuela,VEN,1993,5.94,6.2154546
Venezuela,VEN,1994,6.18,6.4672728
Venezuela,VEN,1995,6.42,6.719091
Venezuela,VEN,1996,6.66,6.9709086
Venezuela,VEN,1997,6.9,7.222727
Venezuela,VEN,1998,7.14,7.474545
Venezuela,VEN,1999,7.38,7.726363
Venezuela,VEN,2000,7.62,7.9781814
Venezuela,VEN,2001,7.86,8.23
Venezuela,VEN,2002,7.82,8.056
Venezuela,VEN,2003,7.78,7.882
Venezuela,VEN,2004,7.74,7.7079997
Venezuela,VEN,2005,7.7,7.534
Venezuela,VEN,2006,7.66,7.36
Venezuela,VEN,2007,8.18,7.79
Venezuela,VEN,2008,8.36,7.91
Venezuela,VEN,2009,8.51,7.99
Venezuela,VEN,2010,8.98,8.384999
Venezuela,VEN,2011,9.45,8.78
Venezuela,VEN,2012,9.58,8.91
Venezuela,VEN,2013,9.71,9.04
Venezuela,VEN,2014,9.84,9.17
Venezuela,VEN,2015,9.97,9.3
Venezuela,VEN,2016,10.6,10.02
Venezuela,VEN,2017,10.421252,9.877017
Venezuela,VEN,2018,10.242504,9.734033
Venezuela,VEN,2019,10.096561,9.700071
Venezuela,VEN,2020,9.95062,9.66611
Venezuela,VEN,2021,9.95062,9.66611
Venezuela,VEN,2022,9.95062,9.66611
Venezuela,VEN,2023,9.95062,9.66611
Very high human development (UNDP),,1990,9.511757,10.258871
Very high human development (UNDP),,1991,9.632631,10.370197
Very high human development (UNDP),,1992,9.756027,10.47857
Very high human development (UNDP),,1993,9.879875,10.571041
Very high human development (UNDP),,1994,10.000232,10.698178
Very high human development (UNDP),,1995,10.101001,10.783615
Very high human development (UNDP),,1996,10.224054,10.880628
Very high human development (UNDP),,1997,10.348412,10.976841
Very high human development (UNDP),,1998,10.470826,11.071675
Very high human development (UNDP),,1999,10.591374,11.165069
Very high human development (UNDP),,2000,10.689433,11.237532
Very high human development (UNDP),,2001,10.790822,11.311262
Very high human development (UNDP),,2002,10.894542,11.398047
Very high human development (UNDP),,2003,11.001938,11.479043
Very high human development (UNDP),,2004,11.09809,11.551079
Very high human development (UNDP),,2005,11.1630745,11.612292
Very high human development (UNDP),,2006,11.249401,11.680155
Very high human development (UNDP),,2007,11.335888,11.74275
Very high human development (UNDP),,2008,11.420608,11.811589
Very high human development (UNDP),,2009,11.4959545,11.849999
Very high human development (UNDP),,2010,11.588574,11.944512
Very high human development (UNDP),,2011,11.657909,11.999856
Very high human development (UNDP),,2012,11.737222,12.056176
Very high human development (UNDP),,2013,11.777847,12.083137
Very high human development (UNDP),,2014,11.835478,12.132644
Very high human development (UNDP),,2015,11.911189,12.178502
Very high human development (UNDP),,2016,11.982766,12.231446
Very high human development (UNDP),,2017,12.055429,12.287552
Very high human development (UNDP),,2018,12.132109,12.355328
Very high human development (UNDP),,2019,12.224625,12.432633
Very high human development (UNDP),,2020,12.318337,12.511833
Very high human development (UNDP),,2021,12.369194,12.538902
Very high human development (UNDP),,2022,12.447883,12.613459
Very high human development (UNDP),,2023,12.447768,12.6117935
Vietnam,VNM,1990,3.5873678,4.697608
Vietnam,VNM,1991,3.7259002,4.830619
Vietnam,VNM,1992,3.8644326,4.9636297
Vietnam,VNM,1993,4.002965,5.0966406
Vietnam,VNM,1994,4.141497,5.2296515
Vietnam,VNM,1995,4.28003,5.3626623
Vietnam,VNM,1996,4.453712,5.5294538
Vietnam,VNM,1997,4.627394,5.696245
Vietnam,VNM,1998,4.8010764,5.8630366
Vietnam,VNM,1999,4.974759,6.029828
Vietnam,VNM,2000,5.1484413,6.19662
Vietnam,VNM,2001,5.359341,6.414082
Vietnam,VNM,2002,5.5702415,6.6315446
Vietnam,VNM,2003,5.7811413,6.8490067
Vietnam,VNM,2004,5.9920416,7.066469
Vietnam,VNM,2005,6.2029414,7.2839313
Vietnam,VNM,2006,6.409706,7.4929485
Vietnam,VNM,2007,6.616471,7.7019653
Vietnam,VNM,2008,6.8232355,7.9109826
Vietnam,VNM,2009,7.03,8.12
Vietnam,VNM,2010,7.138,8.188
Vietnam,VNM,2011,7.2460003,8.256
Vietnam,VNM,2012,7.354,8.324
Vietnam,VNM,2013,7.462,8.392
Vietnam,VNM,2014,7.5699997,8.46
Vietnam,VNM,2015,7.678,8.528
Vietnam,VNM,2016,7.786,8.596
Vietnam,VNM,2017,7.8939996,8.6640005
Vietnam,VNM,2018,8.002,8.732
Vietnam,VNM,2019,8.11,8.8
Vietnam,VNM,2020,8.246667,9.023334
Vietnam,VNM,2021,8.383333,9.246667
Vietnam,VNM,2022,8.52,9.47
Vietnam,VNM,2023,8.52,9.47
World,OWID_WRL,1990,5.395255,6.320445
World,OWID_WRL,1991,5.502883,6.4511304
World,OWID_WRL,1992,5.6113358,6.581574
World,OWID_WRL,1993,5.7186093,6.7067018
World,OWID_WRL,1994,5.826424,6.8416314
World,OWID_WRL,1995,5.947103,6.9806523
World,OWID_WRL,1996,6.082087,7.112733
World,OWID_WRL,1997,6.215809,7.2441897
World,OWID_WRL,1998,6.3487687,7.376634
World,OWID_WRL,1999,6.4684887,7.4989085
World,OWID_WRL,2000,6.5696397,7.6003838
World,OWID_WRL,2001,6.6454916,7.6880007
World,OWID_WRL,2002,6.7250824,7.7823944
World,OWID_WRL,2003,6.8032947,7.8740425
World,OWID_WRL,2004,6.879401,7.9618397
World,OWID_WRL,2005,6.92493,8.027643
World,OWID_WRL,2006,7.0141993,8.102631
World,OWID_WRL,2007,7.0786185,8.160272
World,OWID_WRL,2008,7.1621466,8.223049
World,OWID_WRL,2009,7.250525,8.290557
World,OWID_WRL,2010,7.3363085,8.359016
World,OWID_WRL,2011,7.4299874,8.459615
World,OWID_WRL,2012,7.4998875,8.550845
World,OWID_WRL,2013,7.544427,8.616862
World,OWID_WRL,2014,7.605777,8.703783
World,OWID_WRL,2015,7.681006,8.808601
World,OWID_WRL,2016,7.7457128,8.899391
World,OWID_WRL,2017,7.842896,8.985753
World,OWID_WRL,2018,7.935487,9.062243
World,OWID_WRL,2019,8.073175,9.092519
World,OWID_WRL,2020,8.26752,9.07857
World,OWID_WRL,2021,8.367328,9.106037
World,OWID_WRL,2022,8.382664,9.122169
World,OWID_WRL,2023,8.4144,9.170274
Yemen,YEM,1990,0.09181031,0.63863605
Yemen,YEM,1991,0.11017237,0.7944633
Yemen,YEM,1992,0.12853444,0.9502905
Yemen,YEM,1993,0.1468965,1.1061177
Yemen,YEM,1994,0.16525856,1.2619449
Yemen,YEM,1995,0.18362062,1.417772
Yemen,YEM,1996,0.22401716,1.6374629
Yemen,YEM,1997,0.26441368,1.8571537
Yemen,YEM,1998,0.30481023,2.0768445
Yemen,YEM,1999,0.34520677,2.2965353
Yemen,YEM,2000,0.3856033,2.516226
Yemen,YEM,2001,0.45905155,2.7512443
Yemen,YEM,2002,0.5324998,2.9862623
Yemen,YEM,2003,0.60594803,3.2212803
Yemen,YEM,2004,0.6793963,3.4562984
Yemen,YEM,2005,0.7528445,3.6913166
Yemen,YEM,2006,0.8428186,3.9263346
Yemen,YEM,2007,0.9327927,4.1613526
Yemen,YEM,2008,1.0227668,4.396371
Yemen,YEM,2009,1.112741,4.6313887
Yemen,YEM,2010,1.202715,4.866407
Yemen,YEM,2011,1.3863356,5.1295247
Yemen,YEM,2012,1.5699563,5.392643
Yemen,YEM,2013,1.7535769,5.6557612
Yemen,YEM,2014,1.9371976,5.918879
Yemen,YEM,2015,2.1208181,6.1819973
Yemen,YEM,2016,2.2952578,6.3122787
Yemen,YEM,2017,2.4696972,6.4425607
Yemen,YEM,2018,2.644137,6.5728426
Yemen,YEM,2019,2.8185766,6.703124
Yemen,YEM,2020,2.993016,6.833406
Yemen,YEM,2021,3.2005074,7.040324
Yemen,YEM,2022,3.4079986,7.247242
Yemen,YEM,2023,3.61549,7.45416
Zambia,ZMB,1990,3.23,5.78
Zambia,ZMB,1991,3.334335,5.862868
Zambia,ZMB,1992,3.43867,5.945736
Zambia,ZMB,1993,3.543005,6.0286036
Zambia,ZMB,1994,3.64734,6.1114717
Zambia,ZMB,1995,3.7516751,6.1943393
Zambia,ZMB,1996,3.85601,6.2772074
Zambia,ZMB,1997,3.960345,6.360075
Zambia,ZMB,1998,4.06468,6.442943
Zambia,ZMB,1999,4.169015,6.5258107
Zambia,ZMB,2000,4.2733502,6.608679
Zambia,ZMB,2001,4.377685,6.6915464
Zambia,ZMB,2002,4.48202,6.7744145
Zambia,ZMB,2003,4.586355,6.857282
Zambia,ZMB,2004,4.69069,6.9401503
Zambia,ZMB,2005,4.795025,7.023018
Zambia,ZMB,2006,4.89936,7.1058855
Zambia,ZMB,2007,5.003695,7.1887536
Zambia,ZMB,2008,5.10803,7.271621
Zambia,ZMB,2009,5.212365,7.3544893
Zambia,ZMB,2010,5.3167,7.437357
Zambia,ZMB,2011,5.421035,7.520225
Zambia,ZMB,2012,5.52537,7.6030927
Zambia,ZMB,2013,5.629705,7.685961
Zambia,ZMB,2014,5.7340403,7.7688284
Zambia,ZMB,2015,5.838375,7.8516965
Zambia,ZMB,2016,5.94271,7.934564
Zambia,ZMB,2017,6.047045,8.017432
Zambia,ZMB,2018,6.15138,8.1003
Zambia,ZMB,2019,6.291983,8.213269
Zambia,ZMB,2020,6.432586,8.326238
Zambia,ZMB,2021,6.5608864,8.418287
Zambia,ZMB,2022,6.5608864,8.418287
Zambia,ZMB,2023,6.5608864,8.418287
Zimbabwe,ZWE,1990,4.2043905,5.9411793
Zimbabwe,ZWE,1991,4.344849,6.0887566
Zimbabwe,ZWE,1992,4.49,6.24
Zimbabwe,ZWE,1993,4.64,6.395
Zimbabwe,ZWE,1994,4.79,6.5499997
Zimbabwe,ZWE,1995,4.9399996,6.705
Zimbabwe,ZWE,1996,5.0899997,6.8599997
Zimbabwe,ZWE,1997,5.24,7.015
Zimbabwe,ZWE,1998,5.39,7.17
Zimbabwe,ZWE,1999,5.54,7.325
Zimbabwe,ZWE,2000,5.6899996,7.48
Zimbabwe,ZWE,2001,5.8399997,7.6349998
Zimbabwe,ZWE,2002,5.99,7.79
Zimbabwe,ZWE,2003,6.1419997,7.838
Zimbabwe,ZWE,2004,6.2939997,7.886
Zimbabwe,ZWE,2005,6.446,7.934
Zimbabwe,ZWE,2006,6.598,7.9820004
Zimbabwe,ZWE,2007,6.75,8.030001
Zimbabwe,ZWE,2008,6.902,8.078
Zimbabwe,ZWE,2009,7.054,8.126
Zimbabwe,ZWE,2010,7.2060003,8.174001
Zimbabwe,ZWE,2011,7.3580003,8.222
Zimbabwe,ZWE,2012,7.51,8.27
Zimbabwe,ZWE,2013,7.5,8.565
Zimbabwe,ZWE,2014,7.49,8.86
Zimbabwe,ZWE,2015,7.70207,9.26535
Zimbabwe,ZWE,2016,7.8810353,9.092675
Zimbabwe,ZWE,2017,8.06,8.92
Zimbabwe,ZWE,2018,8.06501,9.191319
Zimbabwe,ZWE,2019,8.07002,9.46264
Zimbabwe,ZWE,2020,8.191878,9.591444
Zimbabwe,ZWE,2021,8.315577,9.722002
Zimbabwe,ZWE,2022,8.315577,9.722002
Zimbabwe,ZWE,2023,8.315577,9.722002